Vehicle Type,Driver Age,Driver Experience,Previous Accidents,Annual Mileage (x1000 km),Vehicle Manufacturing Year,Vehicle Age,Engine CC,Vehicle Value (INR),Gross Vehicle Weight (KG),Usage Type,Insurance Premium (INR)
Car,58,39,1,24.12,2019,7,1403,2039140.0,0,Private,31089.36
Car,52,33,1,58.12,2021,5,2364,1698916.0,0,Private,28981.65
Car,23,2,1,22.31,2008,18,1272,797933.0,0,Private,17467.13
Car,22,2,1,28.52,2026,0,1421,729875.0,0,Private,17125.58
Car,33,13,0,14.94,2025,1,2287,2054417.0,0,Private,34879.2
Car,27,7,1,27.67,2014,12,2331,1002552.0,0,Private,21723.18
Car,37,18,0,42.95,2014,12,1187,1384843.0,0,Private,25749.47
Car,48,29,1,38.43,2005,21,1433,1224425.0,0,Private,27299.65
Car,59,39,1,26.73,2022,4,803,2046868.0,0,Private,31911.58
Car,54,35,0,8.33,2008,18,2338,2477420.0,0,Private,35381.18
Car,30,10,1,35.32,2018,8,1508,2003267.0,0,Private,28829.33
Car,63,40,1,56.98,2010,16,840,954961.0,0,Private,21065.99
Car,22,0,0,8.29,2012,14,821,1629495.0,0,Private,25067.91
Car,44,23,1,55.35,2008,18,1120,2372666.0,0,Private,35755.65
Car,45,24,1,55.28,2026,0,1196,1618495.0,0,Private,23882.47
Car,40,22,1,46.66,2012,14,915,1634992.0,0,Private,23656.63
Car,35,14,0,40.38,2018,8,1375,1770904.0,0,Private,28736.39
Car,40,21,0,7.78,2025,1,1743,809736.0,0,Private,16071.93
Car,65,44,1,21.16,2023,3,1333,559269.0,0,Private,14014.84
Car,31,9,0,34.82,2009,17,2430,1837613.0,0,Private,34899.14
Car,40,17,0,40.06,2020,6,2020,2152901.0,0,Private,30705.37
Car,51,29,1,8.8,2005,21,1400,2419666.0,0,Private,34751.79
Car,20,2,0,8.76,2021,5,1254,2311803.0,0,Private,31477.99
Car,20,0,0,41.07,2008,18,1017,2037581.0,0,Private,30062.39
Car,24,5,1,27.97,2008,18,1209,2019005.0,0,Private,26974.12
Car,19,1,1,9.87,2020,6,1592,757281.0,0,Private,19624.92
Car,39,18,2,51.64,2011,15,1085,2085152.0,0,Private,32333.06
Car,40,18,3,38.81,2015,11,2057,475185.0,0,Private,15956.84
Car,37,18,0,34.32,2005,21,1585,1569576.0,0,Private,27523.96
Car,19,0,1,19.46,2026,0,1405,2003640.0,0,Private,30784.52
Car,19,0,2,7.47,2013,13,1160,2269847.0,0,Private,35326.56
Car,33,14,1,26.73,2020,6,835,919873.0,0,Private,18171.22
Car,36,13,1,27.37,2018,8,1638,1702192.0,0,Private,27157.93
Car,61,41,0,35.77,2007,19,2459,1516571.0,0,Private,27978.71
Car,48,30,0,52.29,2017,9,1768,1372628.0,0,Private,21726.13
Car,41,22,1,27.81,2018,8,2121,2381603.0,0,Private,34657.14
Car,31,11,0,4.42,2007,19,1641,467981.0,0,Private,15452.93
Car,29,10,1,9.28,2005,21,2357,1668553.0,0,Private,35501.7
Car,20,0,2,59.25,2023,3,1660,1267429.0,0,Private,23344.45
Car,32,11,0,32.35,2009,17,827,2226452.0,0,Private,35208.36
Car,22,4,3,36.71,2008,18,817,538589.0,0,Private,13440.43
Car,62,42,1,9.62,2020,6,1986,2253671.0,0,Private,34531.23
Car,56,34,1,47.14,2012,14,1509,1077162.0,0,Private,21413.91
Car,29,9,1,9.4,2010,16,1015,1422270.0,0,Private,22073.72
Car,62,40,0,3.53,2021,5,1707,717047.0,0,Private,15705.3
Car,19,0,0,29.16,2006,20,885,702634.0,0,Private,17969.94
Car,64,43,2,25.78,2022,4,1694,514533.0,0,Private,12702.36
Car,35,12,1,43.28,2020,6,1681,1944838.0,0,Private,29697.33
Car,52,32,2,53.26,2011,15,1478,1801236.0,0,Private,28864.26
Car,57,37,1,57.76,2025,1,2393,2280584.0,0,Private,34144.75
Car,56,38,1,33.14,2022,4,1700,743148.0,0,Private,15756.05
Car,47,25,0,44.51,2008,18,931,1206955.0,0,Private,24220.2
Car,29,8,0,29.66,2012,14,1287,1434704.0,0,Private,26062.88
Car,29,10,3,52.77,2014,12,959,2486594.0,0,Private,43197.19
Car,60,40,0,50.6,2013,13,1626,2417283.0,0,Private,38397.46
Car,29,6,0,16.47,2023,3,1917,366415.0,0,Private,11442.25
Car,64,44,0,27.75,2014,12,1318,847026.0,0,Private,16749.06
Car,43,22,0,46.16,2005,21,1428,1617471.0,0,Private,28777.52
Car,21,0,1,50.37,2017,9,1851,1631591.0,0,Private,23157.84
Car,48,29,0,4.93,2017,9,893,1757901.0,0,Private,28742.24
Car,50,28,0,45.19,2023,3,1164,2213013.0,0,Private,35105.96
Car,36,14,0,4.46,2025,1,2094,1538199.0,0,Private,21821.28
Car,35,14,0,28.73,2023,3,1843,2065849.0,0,Private,33046.54
Car,62,43,0,6.37,2006,20,2384,2237397.0,0,Private,41612.22
Car,52,34,0,56.13,2014,12,1012,620471.0,0,Private,16211.73
Car,18,0,0,26.37,2014,12,1990,1339131.0,0,Private,26164.8
Car,22,2,0,14.09,2005,21,2084,782918.0,0,Private,19493.88
Car,19,0,1,14.83,2012,14,1925,1027979.0,0,Private,20629.59
Car,44,21,1,8.43,2020,6,2232,1553916.0,0,Private,27733.07
Car,19,0,0,10.61,2012,14,1510,1804838.0,0,Private,29441.24
Car,25,5,0,41.25,2022,4,1131,2227357.0,0,Private,36934.71
Car,54,32,2,50.87,2006,20,1192,1178775.0,0,Private,22081.03
Car,65,45,0,57.54,2026,0,822,1392512.0,0,Private,20738.93
Car,18,0,1,46.18,2025,1,1988,2115030.0,0,Private,31304.06
Car,47,26,0,9.12,2012,14,1078,2216657.0,0,Private,34330.55
Car,45,22,0,6.26,2021,5,1293,1146231.0,0,Private,22428.8
Car,45,25,1,31.14,2007,19,2498,773703.0,0,Private,19852.11
Car,53,30,0,36.71,2025,1,1729,553592.0,0,Private,15797.36
Car,57,34,1,23.09,2025,1,1949,2378158.0,0,Private,30175.77
Car,32,13,3,58.65,2008,18,2081,666338.0,0,Private,18017.05
Car,55,37,1,35.96,2012,14,2241,1993404.0,0,Private,37468.14
Car,61,39,0,13.76,2011,15,1390,1420227.0,0,Private,28450.14
Car,19,0,0,28.2,2026,0,2234,1625200.0,0,Private,24187.9
Car,31,10,0,31.66,2015,11,1676,2266971.0,0,Private,33895.08
Car,46,27,1,30.61,2006,20,2461,1784220.0,0,Private,33510.18
Car,29,6,2,36.48,2018,8,1283,807751.0,0,Private,16903.21
Car,48,30,0,43.38,2010,16,1954,362355.0,0,Private,13486.49
Car,27,7,1,52.16,2009,17,1240,1123689.0,0,Private,21988.24
Car,61,40,1,12.26,2022,4,1047,2004413.0,0,Private,30820.78
Car,30,7,0,33.3,2008,18,2088,1415588.0,0,Private,25502.09
Car,20,0,0,54.67,2005,21,1205,1616603.0,0,Private,29278.09
Car,26,3,0,48.93,2012,14,1962,2193341.0,0,Private,38440.26
Car,24,4,1,6.16,2009,17,2075,2087223.0,0,Private,35949.13
Car,33,13,1,19.45,2019,7,2102,2421220.0,0,Private,32026.24
Car,49,30,1,37.67,2006,20,2450,2329751.0,0,Private,34060.11
Car,18,0,0,22.44,2005,21,2178,1181004.0,0,Private,25780.72
Car,54,36,0,35.9,2011,15,2371,1161347.0,0,Private,23885.9
Car,41,23,2,28.92,2016,10,2344,801202.0,0,Private,19019.75
Car,65,42,2,41.86,2019,7,1706,963843.0,0,Private,21208.42
Car,58,40,0,55.93,2017,9,2419,913394.0,0,Private,19060.83
Car,26,5,0,3.53,2015,11,1421,1124524.0,0,Private,19913.11
Car,65,45,0,31.18,2021,5,2116,1595534.0,0,Private,28105.73
Car,55,33,1,37.61,2013,13,2367,475583.0,0,Private,13740.22
Car,37,15,0,45.75,2015,11,2228,1981557.0,0,Private,31885.42
Car,63,41,1,4.21,2025,1,2415,1328929.0,0,Private,22027.75
Car,26,7,0,35.94,2026,0,1680,1140828.0,0,Private,22084.63
Car,64,41,0,55.43,2015,11,854,1411939.0,0,Private,24557.46
Car,19,0,1,52.25,2017,9,1905,2371860.0,0,Private,30525.1
Car,25,3,3,33.04,2021,5,1689,1707896.0,0,Private,23984.32
Car,31,13,0,19.39,2026,0,1947,2479464.0,0,Private,35735.99
Car,25,3,0,44.26,2008,18,950,1672653.0,0,Private,27761.12
Car,29,7,0,32.74,2014,12,2268,1828450.0,0,Private,31658.38
Car,53,30,0,7.2,2025,1,944,2025354.0,0,Private,34578.32
Car,20,0,3,39.04,2017,9,2421,1431236.0,0,Private,21633.08
Car,40,17,0,36.25,2008,18,2381,1937597.0,0,Private,30000.72
Car,45,25,0,35.11,2023,3,2056,1534670.0,0,Private,26279.39
Car,41,18,1,51.41,2025,1,1740,934369.0,0,Private,17902.91
Car,27,5,1,31.9,2016,10,904,1391828.0,0,Private,26438.65
Car,45,26,2,48.31,2011,15,1219,926008.0,0,Private,19840.09
Car,22,0,1,13.53,2020,6,1539,1929502.0,0,Private,33711.75
Car,61,38,1,50.77,2008,18,2498,915146.0,0,Private,21343.28
Car,37,19,2,56.59,2010,16,1202,1902833.0,0,Private,31730.37
Car,47,25,0,36.64,2016,10,1393,1750023.0,0,Private,28477.2
Car,50,31,1,25.79,2022,4,1147,422432.0,0,Private,11652.51
Car,57,34,0,39.95,2017,9,1836,1591918.0,0,Private,25512.21
Car,19,1,0,42.59,2008,18,2315,1360842.0,0,Private,25701.43
Car,47,24,0,37.12,2014,12,2452,1246087.0,0,Private,24008.5
Car,65,45,1,44.57,2014,12,1382,1141699.0,0,Private,21955.95
Car,63,42,0,35.88,2010,16,2070,579864.0,0,Private,16449.15
Car,60,42,0,34.76,2008,18,2128,1656023.0,0,Private,26532.2
Car,54,36,1,3.82,2018,8,2102,783180.0,0,Private,18849.7
Car,24,4,2,15.09,2024,2,1189,1242713.0,0,Private,24910.36
Car,56,34,0,28.67,2011,15,1828,1138151.0,0,Private,24406.03
Car,60,38,2,40.17,2016,10,2103,1691996.0,0,Private,31590.76
Car,65,45,0,7.89,2007,19,2403,480203.0,0,Private,15504.02
Car,53,33,1,16.79,2018,8,2144,1156175.0,0,Private,22908.69
Car,47,28,0,51.94,2016,10,1806,2029682.0,0,Private,37972.26
Car,53,33,2,41.84,2010,16,927,1056892.0,0,Private,22560.25
Car,22,2,0,43.06,2011,15,1200,2302218.0,0,Private,39976.21
Car,42,20,0,44.78,2017,9,1489,1078216.0,0,Private,21278.51
Car,30,7,1,4.76,2005,21,1162,1077168.0,0,Private,20471.5
Car,65,42,0,29.14,2017,9,1039,971199.0,0,Private,20098.01
Car,51,31,0,45.63,2022,4,2449,818188.0,0,Private,18613.63
Car,22,0,0,5.3,2021,5,881,2459030.0,0,Private,29408.83
Car,55,34,0,54.89,2013,13,1438,1021887.0,0,Private,21157.73
Car,62,40,0,34.36,2018,8,1397,2434620.0,0,Private,34914.76
Car,65,45,2,34.91,2024,2,1005,865582.0,0,Private,16324.44
Car,53,35,3,55.67,2023,3,2156,1921377.0,0,Private,32670.16
Car,55,34,1,17.74,2013,13,1561,2067715.0,0,Private,37051.27
Car,50,28,1,11.79,2007,19,2441,642024.0,0,Private,18971.25
Car,41,23,1,24.57,2021,5,2296,1165684.0,0,Private,22668.33
Car,36,15,0,42.41,2022,4,2413,1183740.0,0,Private,18951.33
Car,23,4,0,16.97,2010,16,1153,1700936.0,0,Private,26163.62
Car,49,26,1,37.46,2021,5,893,1762584.0,0,Private,23366.44
Car,53,31,0,11.43,2014,12,1919,927162.0,0,Private,19930.06
Car,19,0,1,53.32,2012,14,1585,1536156.0,0,Private,26094.88
Car,58,35,1,23.03,2010,16,2318,1590608.0,0,Private,26725.39
Car,44,24,1,11.43,2007,19,1560,2136471.0,0,Private,38451.08
Car,27,5,2,23.27,2017,9,920,509196.0,0,Private,14667.76
Car,62,44,1,49.56,2023,3,1405,534518.0,0,Private,13159.72
Car,26,8,0,11.34,2014,12,2459,1252972.0,0,Private,24336.16
Car,25,7,0,37.28,2021,5,1374,952912.0,0,Private,19233.5
Car,21,0,1,24.44,2009,17,1297,684926.0,0,Private,17531.13
Car,37,15,0,49.72,2019,7,893,1483006.0,0,Private,25456.32
Car,25,5,2,23.5,2010,16,1031,1609431.0,0,Private,26757.17
Car,48,25,1,42.32,2015,11,2036,1054875.0,0,Private,21285.35
Car,53,33,0,42.51,2025,1,1963,421948.0,0,Private,12154.48
Car,43,24,0,8.08,2014,12,1643,2333596.0,0,Private,36535.83
Car,57,37,2,48.2,2018,8,2471,364705.0,0,Private,15274.61
Car,48,26,0,20.31,2017,9,1254,2247278.0,0,Private,33851.55
Car,64,45,1,29.33,2013,13,1476,1012946.0,0,Private,19188.66
Car,55,35,1,58.93,2022,4,1962,473528.0,0,Private,13218.58
Car,54,33,0,28.85,2017,9,1320,693659.0,0,Private,15003.0
Car,22,4,0,56.49,2026,0,1356,2362189.0,0,Private,32067.57
Car,20,0,0,39.18,2013,13,2241,1157757.0,0,Private,23758.54
Car,32,13,1,7.58,2017,9,1298,596607.0,0,Private,13505.0
Car,24,4,0,37.74,2011,15,1434,2469108.0,0,Private,38163.2
Car,36,15,0,24.15,2012,14,1444,1848234.0,0,Private,32388.68
Car,47,29,1,20.07,2015,11,978,486127.0,0,Private,12814.11
Car,32,12,2,41.95,2025,1,821,1938030.0,0,Private,31343.1
Car,57,35,2,6.98,2010,16,905,896762.0,0,Private,18098.76
Car,53,34,1,21.78,2017,9,2213,1974064.0,0,Private,32872.05
Car,29,8,1,10.63,2013,13,2081,513571.0,0,Private,12916.58
Car,53,30,0,47.15,2019,7,1465,812626.0,0,Private,17305.98
Car,25,6,0,36.4,2015,11,2111,2090740.0,0,Private,33063.11
Car,25,5,2,9.24,2009,17,1420,1940778.0,0,Private,34050.36
Car,41,22,2,49.75,2024,2,1675,1086594.0,0,Private,21537.61
Car,48,27,2,26.77,2017,9,990,1080871.0,0,Private,22402.61
Car,23,3,1,38.51,2005,21,925,593940.0,0,Private,16617.15
Car,35,12,1,19.96,2020,6,876,1711082.0,0,Private,28317.48
Car,19,0,1,47.46,2015,11,1632,1862571.0,0,Private,31104.24
Car,31,9,0,22.14,2016,10,1283,1263431.0,0,Private,21331.2
Car,37,16,1,46.99,2024,2,1929,2408120.0,0,Private,32331.02
Car,45,22,4,10.55,2019,7,2382,988026.0,0,Private,19341.9
Car,19,0,1,40.85,2024,2,2237,674557.0,0,Private,15973.33
Car,43,21,1,54.89,2023,3,1113,1897556.0,0,Private,32612.91
Car,20,0,0,57.8,2019,7,1798,905778.0,0,Private,19420.63
Car,37,15,2,37.1,2022,4,1664,1416862.0,0,Private,24530.62
Car,56,37,0,8.02,2015,11,1444,1287298.0,0,Private,21409.54
Car,55,34,0,11.33,2018,8,1201,1004637.0,0,Private,19320.79
Car,18,0,0,16.15,2024,2,1234,2024095.0,0,Private,34765.25
Car,19,0,2,36.13,2005,21,907,2192046.0,0,Private,35580.39
Car,23,0,0,9.67,2008,18,2334,993711.0,0,Private,22887.15
Car,24,2,0,38.72,2012,14,1380,2104847.0,0,Private,33921.93
Car,43,21,0,4.25,2015,11,1502,1877231.0,0,Private,30592.11
Car,42,23,0,53.25,2005,21,1227,1798509.0,0,Private,31336.69
Car,25,4,0,40.18,2005,21,870,919859.0,0,Private,19977.13
Car,50,28,0,42.43,2024,2,1775,2079849.0,0,Private,33924.64
Car,29,7,1,30.01,2018,8,904,928796.0,0,Private,17764.43
Car,25,5,0,16.24,2008,18,2262,419393.0,0,Private,14856.14
Car,52,31,0,29.08,2012,14,1381,2197226.0,0,Private,35157.55
Car,27,9,0,43.35,2006,20,2285,1415764.0,0,Private,23710.03
Car,18,0,3,53.18,2013,13,1918,613976.0,0,Private,17541.4
Car,39,19,0,26.76,2024,2,1076,397190.0,0,Private,9828.2
Car,39,21,2,58.86,2020,6,1750,2353167.0,0,Private,39089.25
Car,27,7,1,13.97,2006,20,894,2332512.0,0,Private,28877.04
Car,29,6,0,6.82,2017,9,1746,494640.0,0,Private,14307.47
Car,52,32,1,4.51,2008,18,1009,2372378.0,0,Private,38125.18
Car,55,34,0,15.32,2015,11,1070,1606608.0,0,Private,20470.85
Car,22,0,2,28.74,2016,10,805,2167386.0,0,Private,33487.88
Car,47,27,0,8.02,2018,8,2430,1546374.0,0,Private,24235.39
Car,38,16,0,51.27,2025,1,2178,350552.0,0,Private,12794.72
Car,62,44,0,24.09,2006,20,2158,804299.0,0,Private,17701.46
Car,45,25,2,48.47,2019,7,1054,1750580.0,0,Private,26316.72
Car,49,31,2,14.88,2020,6,1181,938976.0,0,Private,17138.66
Car,38,20,0,5.79,2015,11,893,2208779.0,0,Private,31650.28
Car,54,32,1,40.94,2024,2,2298,2338703.0,0,Private,38091.85
Car,18,0,1,35.11,2024,2,1279,758750.0,0,Private,13929.72
Car,41,20,0,20.68,2021,5,1457,801556.0,0,Private,14776.53
Car,41,22,1,55.88,2012,14,1098,799883.0,0,Private,18058.51
Car,62,42,0,43.1,2013,13,1602,411624.0,0,Private,14279.96
Car,26,7,1,8.39,2009,17,1880,487157.0,0,Private,16243.68
Car,58,39,1,7.41,2010,16,1988,306972.0,0,Private,12177.11
Car,18,0,0,30.54,2019,7,2023,962082.0,0,Private,19929.79
Car,29,11,0,19.74,2026,0,1939,1674635.0,0,Private,27862.5
Car,62,39,1,39.35,2007,19,1378,999124.0,0,Private,22893.64
Car,29,8,0,13.95,2014,12,2059,2208693.0,0,Private,32430.87
Car,50,28,0,21.03,2010,16,1597,2018809.0,0,Private,35071.07
Car,37,18,1,44.75,2018,8,1497,2228654.0,0,Private,33337.0
Car,36,14,2,58.12,2023,3,2165,1792523.0,0,Private,29995.72
Car,60,38,2,58.87,2013,13,899,1007923.0,0,Private,21525.34
Car,24,3,0,34.99,2010,16,2498,2344479.0,0,Private,34140.62
Car,39,20,0,15.44,2007,19,1129,967651.0,0,Private,18999.9
Car,50,29,0,50.67,2017,9,1541,638069.0,0,Private,15694.87
Car,40,22,0,47.49,2017,9,1323,1663725.0,0,Private,25095.46
Car,50,27,0,59.14,2025,1,1981,2493561.0,0,Private,35604.54
Car,40,21,0,59.41,2023,3,1296,845767.0,0,Private,17780.37
Car,46,23,0,3.87,2010,16,1352,1688361.0,0,Private,30042.08
Car,46,27,0,27.38,2026,0,818,1671025.0,0,Private,27163.38
Car,38,19,1,18.05,2005,21,1777,693528.0,0,Private,16618.65
Car,59,37,0,57.88,2013,13,1264,822895.0,0,Private,19583.88
Car,30,8,1,14.18,2007,19,1365,1184587.0,0,Private,24594.53
Car,65,45,1,55.89,2013,13,1707,373261.0,0,Private,13106.89
Car,19,0,0,27.87,2010,16,873,2294318.0,0,Private,33919.24
Car,22,1,0,36.47,2012,14,2249,696234.0,0,Private,16183.36
Car,43,22,0,36.97,2023,3,2499,2075639.0,0,Private,33339.18
Car,36,17,0,52.97,2005,21,2055,1991034.0,0,Private,30073.7
Car,31,13,1,5.53,2023,3,1456,1727196.0,0,Private,27522.67
Car,42,23,0,45.16,2013,13,1456,1711601.0,0,Private,29704.31
Car,50,30,0,27.43,2006,20,2498,1954185.0,0,Private,34639.88
Car,36,14,0,48.59,2007,19,2152,1751663.0,0,Private,28790.65
Car,36,18,0,55.53,2007,19,1498,2379710.0,0,Private,41191.62
Car,60,40,1,13.16,2019,7,1530,756109.0,0,Private,16679.43
Car,64,41,0,22.71,2009,17,2181,351927.0,0,Private,13005.4
Car,46,27,1,12.97,2021,5,1162,599248.0,0,Private,14426.38
Car,55,36,2,16.42,2005,21,1079,920036.0,0,Private,17404.28
Car,19,0,0,48.08,2018,8,1753,1898759.0,0,Private,31548.96
Car,60,41,1,19.0,2022,4,2248,2436280.0,0,Private,37304.72
Car,39,16,1,51.21,2019,7,2038,617644.0,0,Private,16552.14
Car,43,20,0,28.53,2023,3,1496,1409011.0,0,Private,23332.02
Car,53,35,3,21.51,2018,8,2162,835296.0,0,Private,17998.48
Car,23,1,0,28.35,2008,18,1393,352321.0,0,Private,11682.21
Car,54,33,0,24.14,2021,5,864,979319.0,0,Private,17387.49
Car,23,3,0,10.55,2009,17,1620,1338636.0,0,Private,26434.2
Car,26,5,0,25.49,2018,8,1359,1670199.0,0,Private,28302.34
Car,50,28,1,4.69,2010,16,1996,1695987.0,0,Private,28759.49
Car,22,4,1,6.55,2024,2,1880,1411892.0,0,Private,21613.91
Car,47,27,0,17.81,2019,7,1629,1345449.0,0,Private,21678.39
Car,34,11,2,24.54,2010,16,2032,2473303.0,0,Private,38792.01
Car,26,8,1,3.71,2007,19,1232,2292298.0,0,Private,38985.31
Car,44,22,0,3.45,2010,16,1829,921995.0,0,Private,18918.81
Car,49,27,1,5.69,2012,14,2186,1834748.0,0,Private,30571.14
Car,26,4,0,47.74,2021,5,2258,645103.0,0,Private,18176.77
Car,24,2,2,57.48,2019,7,1015,1654137.0,0,Private,25941.51
Car,57,37,1,6.99,2014,12,1453,303863.0,0,Private,9700.12
Car,54,31,0,53.7,2018,8,1220,358225.0,0,Private,11612.18
Car,21,1,1,7.78,2020,6,1158,1895018.0,0,Private,27000.2
Car,47,26,0,36.06,2012,14,1343,404545.0,0,Private,15161.91
Car,58,37,1,28.96,2006,20,1357,1336511.0,0,Private,26010.5
Car,48,27,0,13.21,2013,13,1186,1963492.0,0,Private,29394.71
Car,34,12,0,11.06,2012,14,2234,1740290.0,0,Private,28490.63
Car,43,20,1,24.07,2017,9,1178,1045889.0,0,Private,19281.83
Car,32,13,2,7.43,2026,0,1230,560699.0,0,Private,14063.14
Car,47,28,0,4.63,2022,4,1889,1813603.0,0,Private,26744.67
Car,48,30,4,43.4,2006,20,1099,2495887.0,0,Private,34843.56
Car,24,4,2,56.51,2011,15,1075,816687.0,0,Private,17007.08
Car,31,9,0,34.58,2022,4,1545,977119.0,0,Private,15039.0
Car,58,37,0,15.16,2014,12,2218,1726921.0,0,Private,31171.55
Car,42,23,3,47.69,2019,7,1626,2103725.0,0,Private,34761.77
Car,24,2,0,19.71,2020,6,1526,629581.0,0,Private,14286.88
Car,40,18,2,17.62,2021,5,2065,643705.0,0,Private,14508.96
Car,50,32,0,50.66,2007,19,2029,957607.0,0,Private,23121.99
Car,61,42,1,13.91,2014,12,1417,1076510.0,0,Private,20096.3
Car,39,20,1,16.16,2015,11,1420,397149.0,0,Private,13025.08
Car,20,0,1,52.25,2008,18,2237,556296.0,0,Private,15218.84
Car,20,0,0,18.69,2017,9,1055,1954876.0,0,Private,30637.05
Car,41,20,2,51.37,2010,16,1917,2020486.0,0,Private,33357.6
Car,27,4,1,22.72,2025,1,1101,321376.0,0,Private,11020.53
Car,54,36,1,28.33,2017,9,1683,2373610.0,0,Private,37158.95
Car,48,28,0,11.43,2022,4,839,1518664.0,0,Private,22144.99
Car,62,41,1,35.92,2010,16,2406,1633697.0,0,Private,28858.81
Car,47,26,0,59.15,2023,3,1392,682060.0,0,Private,17234.3
Car,20,2,0,34.15,2012,14,813,2251205.0,0,Private,39916.21
Car,43,22,1,54.8,2007,19,2125,1757554.0,0,Private,29199.08
Car,49,27,0,53.12,2024,2,1354,409013.0,0,Private,13642.74
Car,30,10,1,22.6,2010,16,2216,2083319.0,0,Private,30172.35
Car,56,33,0,44.3,2024,2,935,676555.0,0,Private,13897.76
Car,62,39,1,52.74,2013,13,1504,1511554.0,0,Private,31326.22
Car,48,27,0,21.23,2016,10,1219,1910864.0,0,Private,30918.76
Car,35,12,1,59.42,2010,16,2248,1075017.0,0,Private,20804.63
Car,47,29,0,21.03,2007,19,1667,497065.0,0,Private,16042.59
Car,27,4,0,49.89,2006,20,1658,834030.0,0,Private,18970.24
Car,24,6,1,5.42,2014,12,942,863855.0,0,Private,17041.98
Car,63,45,1,45.75,2024,2,1295,1278089.0,0,Private,17474.16
Car,40,17,0,22.82,2012,14,1920,844577.0,0,Private,20055.14
Car,61,43,0,34.93,2005,21,1876,2351668.0,0,Private,38498.69
Car,33,11,3,26.1,2011,15,2226,348665.0,0,Private,11771.31
Car,60,37,1,37.9,2026,0,1489,451966.0,0,Private,11920.57
Car,49,29,1,20.05,2025,1,2167,2119318.0,0,Private,33602.24
Car,26,5,0,9.75,2009,17,1014,2034216.0,0,Private,32695.87
Car,25,5,0,4.43,2005,21,932,2316415.0,0,Private,33655.09
Car,51,33,2,21.88,2006,20,1192,1575369.0,0,Private,23120.0
Car,20,1,1,13.77,2012,14,933,381548.0,0,Private,11153.61
Car,46,23,2,58.56,2024,2,2368,1011924.0,0,Private,23906.26
Car,20,0,0,46.89,2018,8,1842,1006314.0,0,Private,21392.77
Car,47,27,0,26.97,2026,0,999,1201235.0,0,Private,20397.55
Car,40,22,0,8.83,2008,18,2068,2216546.0,0,Private,35465.09
Car,32,12,1,38.54,2024,2,2025,1617133.0,0,Private,30420.38
Car,47,29,0,59.23,2007,19,1762,1118919.0,0,Private,22574.88
Car,26,3,1,26.24,2011,15,2215,1228382.0,0,Private,24229.55
Car,20,0,1,43.94,2010,16,2403,1239845.0,0,Private,22027.43
Car,64,43,0,22.12,2022,4,1434,2143710.0,0,Private,26862.48
Car,29,6,0,13.36,2015,11,2353,1615116.0,0,Private,28963.08
Car,40,20,0,39.73,2023,3,1151,919542.0,0,Private,18475.06
Car,25,3,0,35.26,2017,9,1627,2389558.0,0,Private,30876.82
Car,50,29,0,3.43,2015,11,2098,1840319.0,0,Private,27932.49
Car,61,43,0,27.51,2015,11,1765,473932.0,0,Private,12961.26
Car,45,27,0,47.97,2008,18,1912,2168474.0,0,Private,34030.15
Car,26,3,1,3.85,2008,18,1605,918877.0,0,Private,18102.5
Car,64,43,0,38.91,2026,0,2438,1217008.0,0,Private,21807.54
Car,65,45,0,9.29,2010,16,1231,354610.0,0,Private,10386.16
Car,18,0,3,46.33,2016,10,1791,339034.0,0,Private,13360.8
Car,63,42,1,56.12,2010,16,1076,441469.0,0,Private,14238.99
Car,35,16,0,24.5,2007,19,1107,2185226.0,0,Private,38008.35
Car,58,39,0,46.65,2022,4,1575,1840898.0,0,Private,30929.71
Car,52,29,1,13.57,2014,12,2233,847545.0,0,Private,19587.03
Car,48,27,0,50.13,2007,19,1810,2389370.0,0,Private,36179.73
Car,58,36,0,12.78,2006,20,1677,2281973.0,0,Private,32673.57
Car,44,23,1,50.96,2019,7,2100,1766588.0,0,Private,29901.17
Car,21,0,1,26.77,2015,11,2052,1453885.0,0,Private,28892.12
Car,34,11,1,26.49,2017,9,1872,979962.0,0,Private,16367.05
Car,22,4,0,49.04,2019,7,1036,1841306.0,0,Private,26544.85
Car,53,31,0,50.11,2014,12,1242,681769.0,0,Private,17485.3
Car,59,38,1,55.62,2016,10,1456,527840.0,0,Private,14549.42
Car,30,11,2,17.97,2006,20,1575,1772232.0,0,Private,29617.82
Car,62,41,0,46.68,2017,9,1694,1370223.0,0,Private,25265.97
Car,35,15,1,18.26,2010,16,1332,699977.0,0,Private,18171.68
Car,62,44,1,18.73,2006,20,1267,1303097.0,0,Private,23728.01
Car,57,38,1,42.61,2022,4,1426,2154032.0,0,Private,34406.77
Car,57,35,0,37.32,2009,17,2123,1095914.0,0,Private,23526.46
Car,29,11,0,26.46,2016,10,1271,799890.0,0,Private,14416.08
Car,54,36,0,9.43,2016,10,2456,682770.0,0,Private,15974.37
Car,37,14,0,52.39,2006,20,1248,2406098.0,0,Private,39502.34
Car,30,9,0,14.81,2015,11,1136,821453.0,0,Private,17717.2
Car,55,34,1,10.72,2006,20,1855,544707.0,0,Private,16955.64
Car,59,37,1,29.83,2015,11,1060,2455728.0,0,Private,39570.73
Car,51,30,0,27.43,2014,12,1078,1568123.0,0,Private,25472.71
Car,19,0,1,17.25,2025,1,1013,694729.0,0,Private,14170.56
Car,27,6,0,35.95,2024,2,1841,1037257.0,0,Private,21027.76
Car,38,17,2,31.86,2025,1,2217,1802433.0,0,Private,23722.07
Car,24,6,0,40.44,2026,0,920,1414764.0,0,Private,22505.8
Car,40,21,0,44.53,2014,12,938,322897.0,0,Private,10928.97
Car,35,13,1,18.2,2008,18,1964,1611578.0,0,Private,27095.4
Car,20,1,0,8.0,2008,18,2019,2312226.0,0,Private,34923.75
Car,26,5,0,3.49,2018,8,1725,844873.0,0,Private,17641.36
Car,20,0,0,37.3,2023,3,2069,375774.0,0,Private,11857.24
Car,33,13,0,11.92,2011,15,2425,1196009.0,0,Private,21460.95
Car,59,41,0,50.22,2017,9,1115,1775614.0,0,Private,29960.3
Car,61,41,0,11.86,2011,15,1188,1150543.0,0,Private,22969.8
Car,36,16,2,27.73,2026,0,1750,1255407.0,0,Private,24496.96
Car,25,6,0,57.96,2019,7,880,411548.0,0,Private,11048.45
Car,57,37,0,20.41,2017,9,2065,1092342.0,0,Private,23366.84
Car,18,0,0,32.02,2010,16,1306,1206636.0,0,Private,25077.25
Car,60,41,0,39.74,2016,10,2460,1383828.0,0,Private,22909.86
Car,39,20,0,54.15,2014,12,1138,1324110.0,0,Private,25159.46
Car,45,23,1,3.9,2007,19,1749,1072582.0,0,Private,21901.96
Car,31,11,0,43.95,2010,16,1822,837077.0,0,Private,16933.35
Car,30,10,0,38.2,2014,12,1562,1749021.0,0,Private,31334.61
Car,52,31,1,21.99,2013,13,1007,1646417.0,0,Private,28423.94
Car,34,15,1,17.57,2021,5,1272,1708191.0,0,Private,27618.33
Car,37,16,0,57.18,2026,0,1351,467739.0,0,Private,11067.58
Car,58,35,0,11.83,2021,5,830,2264799.0,0,Private,33964.81
Car,30,8,2,19.27,2018,8,937,991541.0,0,Private,20506.15
Car,44,21,1,35.51,2005,21,1858,1365772.0,0,Private,23323.49
Car,59,36,0,5.51,2026,0,1676,560948.0,0,Private,12677.19
Car,32,10,0,17.2,2019,7,1690,706112.0,0,Private,14779.93
Car,44,21,0,49.32,2010,16,2367,2487883.0,0,Private,39372.98
Car,45,27,0,37.16,2018,8,1699,2154734.0,0,Private,36144.64
Car,58,38,1,22.5,2013,13,1142,1207927.0,0,Private,22039.61
Car,58,40,1,51.1,2020,6,1034,669540.0,0,Private,13899.93
Car,25,6,1,53.13,2022,4,1884,1078287.0,0,Private,23486.6
Car,25,6,1,38.86,2011,15,853,2223784.0,0,Private,34379.12
Car,23,1,0,22.78,2015,11,1266,1229874.0,0,Private,19620.97
Car,55,36,0,52.37,2014,12,2223,1734615.0,0,Private,30669.97
Car,29,9,1,4.97,2023,3,1359,1274255.0,0,Private,20872.43
Car,25,2,0,38.61,2024,2,1478,1846060.0,0,Private,30115.06
Car,20,0,0,5.13,2021,5,2374,2356499.0,0,Private,34249.87
Car,19,0,0,22.9,2014,12,2443,1039326.0,0,Private,19162.98
Car,57,38,0,27.9,2008,18,2080,1924339.0,0,Private,30755.34
Car,59,40,2,48.61,2012,14,2027,1068611.0,0,Private,20914.83
Car,39,20,0,15.64,2007,19,1778,2011490.0,0,Private,31933.47
Car,24,1,0,52.01,2010,16,977,482693.0,0,Private,15369.62
Car,34,15,1,19.63,2016,10,1716,2374964.0,0,Private,35017.42
Car,35,13,1,45.46,2023,3,1645,1843840.0,0,Private,27818.76
Car,29,9,0,20.97,2020,6,2488,1613521.0,0,Private,27051.83
Car,25,6,1,24.34,2025,1,2465,1984037.0,0,Private,29597.05
Car,31,10,0,43.1,2005,21,1296,2152904.0,0,Private,36659.4
Car,40,18,0,27.94,2007,19,1291,1109187.0,0,Private,21647.34
Car,45,24,0,12.48,2010,16,2397,364395.0,0,Private,9955.05
Car,24,4,0,45.25,2019,7,2355,1148237.0,0,Private,23899.79
Car,29,11,0,22.14,2015,11,1455,1148122.0,0,Private,21691.78
Car,32,11,0,24.66,2008,18,1364,2483727.0,0,Private,40584.08
Car,39,21,0,44.3,2025,1,1087,1597545.0,0,Private,27523.32
Car,29,10,2,22.57,2013,13,1729,1035038.0,0,Private,23710.53
Car,18,0,0,42.27,2014,12,893,1812568.0,0,Private,26957.77
Car,63,43,1,49.45,2016,10,912,2148757.0,0,Private,33134.88
Car,33,15,0,43.99,2018,8,1402,641737.0,0,Private,14187.4
Car,55,34,0,53.27,2009,17,2283,1238291.0,0,Private,24006.15
Car,58,38,0,43.73,2014,12,1954,496389.0,0,Private,12225.39
Car,51,28,0,21.1,2009,17,1163,2033898.0,0,Private,35464.07
Car,55,32,0,14.35,2010,16,2495,2186428.0,0,Private,30890.71
Car,37,18,1,50.29,2026,0,1840,1196286.0,0,Private,23770.36
Car,31,12,0,22.83,2020,6,1970,2491901.0,0,Private,37278.16
Car,33,14,1,53.32,2026,0,1256,1366111.0,0,Private,23726.1
Car,47,26,2,8.41,2024,2,1839,1895700.0,0,Private,30356.64
Car,61,39,2,58.6,2015,11,1274,1329851.0,0,Private,28208.34
Car,57,36,1,10.29,2014,12,2180,1842720.0,0,Private,30731.54
Car,28,7,0,32.39,2018,8,1579,699529.0,0,Private,15636.83
Car,34,15,1,21.14,2016,10,847,1700704.0,0,Private,28337.45
Car,50,29,2,31.75,2018,8,2268,519521.0,0,Private,13515.98
Car,42,23,0,35.96,2009,17,1001,2299852.0,0,Private,32514.64
Car,50,32,0,23.66,2026,0,1485,327262.0,0,Private,10730.28
Car,37,16,0,23.3,2016,10,1948,1941121.0,0,Private,32612.39
Car,35,15,0,19.91,2014,12,2485,580977.0,0,Private,16270.17
Car,24,5,2,50.65,2008,18,2265,1009123.0,0,Private,20263.5
Car,26,3,2,47.16,2023,3,2118,1932789.0,0,Private,37827.44
Car,36,13,1,12.96,2017,9,1558,331776.0,0,Private,11924.79
Car,52,33,0,56.7,2007,19,1516,2194953.0,0,Private,34723.07
Car,22,2,0,43.94,2008,18,1135,2357941.0,0,Private,33610.44
Car,44,23,1,31.08,2025,1,2065,882711.0,0,Private,18260.55
Car,49,26,0,9.78,2013,13,1378,779996.0,0,Private,16744.77
Car,59,36,0,28.85,2005,21,863,1095486.0,0,Private,18860.56
Car,55,37,1,17.4,2021,5,1702,1232859.0,0,Private,21945.58
Car,31,8,0,37.32,2022,4,2289,1603247.0,0,Private,28571.1
Car,31,13,0,32.49,2018,8,1467,1050330.0,0,Private,18181.96
Car,30,10,1,50.8,2010,16,1369,2171953.0,0,Private,32341.6
Car,38,19,0,22.42,2012,14,1317,2089970.0,0,Private,34714.71
Car,44,21,2,35.49,2024,2,2484,2210862.0,0,Private,36037.49
Car,62,42,1,5.27,2008,18,2471,1431682.0,0,Private,24087.99
Car,36,14,1,43.5,2022,4,1251,2058553.0,0,Private,35753.35
Car,33,14,0,22.4,2018,8,932,1139712.0,0,Private,21969.28
Car,47,25,0,37.15,2018,8,1634,1986159.0,0,Private,34826.69
Car,45,25,1,54.8,2024,2,2336,813551.0,0,Private,16961.14
Car,59,41,2,32.98,2014,12,1386,2480431.0,0,Private,38251.66
Car,61,41,0,46.31,2026,0,982,891579.0,0,Private,15322.04
Car,33,14,0,39.88,2015,11,1205,902424.0,0,Private,17832.87
Car,37,17,0,55.95,2019,7,1862,786985.0,0,Private,18602.34
Car,42,21,1,8.87,2025,1,1297,2300396.0,0,Private,32322.31
Car,44,21,1,58.72,2022,4,2144,867511.0,0,Private,20071.92
Car,19,0,1,39.41,2005,21,1175,1699213.0,0,Private,28719.25
Car,25,7,1,44.0,2018,8,1429,2205796.0,0,Private,32607.34
Car,19,1,0,11.0,2005,21,1988,2485095.0,0,Private,39900.39
Car,27,8,0,47.7,2021,5,1106,1840623.0,0,Private,29957.47
Car,40,18,1,18.05,2012,14,1801,1827020.0,0,Private,29452.79
Car,49,30,1,44.44,2007,19,1491,1806442.0,0,Private,29317.67
Car,26,7,2,5.58,2023,3,2174,1599703.0,0,Private,25060.97
Car,18,0,0,7.2,2022,4,1561,442997.0,0,Private,11062.38
Car,55,34,0,38.91,2018,8,1097,581043.0,0,Private,11070.25
Car,56,37,0,35.31,2014,12,1587,1485507.0,0,Private,21684.35
Car,59,36,0,37.92,2005,21,836,1446834.0,0,Private,25032.19
Car,58,40,1,32.0,2023,3,2099,1598113.0,0,Private,24498.59
Car,21,3,0,13.49,2011,15,1867,1663371.0,0,Private,30179.28
Car,50,32,0,54.45,2013,13,1114,1242002.0,0,Private,25839.48
Car,43,21,1,27.64,2009,17,2074,585724.0,0,Private,14589.82
Car,64,43,2,34.0,2008,18,2485,2284761.0,0,Private,42152.41
Car,20,1,0,22.69,2020,6,891,610101.0,0,Private,13901.85
Car,19,0,0,30.61,2005,21,1334,2439645.0,0,Private,32982.03
Car,56,36,0,50.1,2024,2,2315,559890.0,0,Private,14388.62
Car,62,42,2,31.23,2010,16,1391,1377028.0,0,Private,25389.65
Car,32,13,0,9.72,2016,10,2166,1282628.0,0,Private,22613.37
2 Wheeler,31,13,1,18.94,2026,0,264,258727.0,0,Private,4648.12
2 Wheeler,59,41,0,32.89,2017,9,285,303614.0,0,Private,6205.45
2 Wheeler,47,26,1,17.1,2009,17,509,209307.0,0,Private,5992.27
2 Wheeler,36,14,1,55.9,2015,11,202,72971.0,0,Private,4212.75
2 Wheeler,62,42,0,50.8,2023,3,534,221248.0,0,Private,4601.27
2 Wheeler,51,33,3,13.55,2010,16,281,101535.0,0,Private,4124.17
2 Wheeler,27,9,0,4.27,2014,12,370,218891.0,0,Private,5249.79
2 Wheeler,54,35,0,31.53,2007,19,97,374259.0,0,Private,6554.72
2 Wheeler,21,1,1,12.95,2014,12,118,233646.0,0,Private,5069.32
2 Wheeler,51,29,3,49.04,2010,16,410,120651.0,0,Private,5107.85
2 Wheeler,53,34,0,46.27,2006,20,405,171404.0,0,Private,6145.47
2 Wheeler,52,33,0,22.78,2024,2,118,346723.0,0,Private,5500.53
2 Wheeler,59,39,0,8.02,2008,18,330,312092.0,0,Private,5830.58
2 Wheeler,41,18,2,40.64,2014,12,191,275327.0,0,Private,5157.69
2 Wheeler,28,7,0,3.9,2008,18,279,74575.0,0,Private,3128.92
2 Wheeler,38,19,0,26.94,2005,21,454,383521.0,0,Private,7121.75
2 Wheeler,29,9,0,59.56,2007,19,91,62981.0,0,Private,3724.26
2 Wheeler,54,32,0,51.37,2022,4,469,328320.0,0,Private,6126.5
2 Wheeler,33,11,2,6.32,2023,3,335,125109.0,0,Private,3494.54
2 Wheeler,40,21,0,41.09,2026,0,157,126172.0,0,Private,3307.91
2 Wheeler,22,0,0,9.6,2011,15,518,296633.0,0,Private,5854.24
2 Wheeler,21,2,1,48.99,2005,21,332,322795.0,0,Private,5991.58
2 Wheeler,59,39,0,42.25,2019,7,579,175808.0,0,Private,4556.23
2 Wheeler,60,38,1,11.94,2016,10,510,369457.0,0,Private,6242.53
2 Wheeler,65,45,1,56.54,2019,7,362,213227.0,0,Private,5667.86
2 Wheeler,59,40,2,38.71,2014,12,159,290557.0,0,Private,6198.08
2 Wheeler,22,4,0,32.17,2025,1,357,378138.0,0,Private,6460.41
2 Wheeler,26,4,0,47.8,2012,14,409,203465.0,0,Private,4953.66
2 Wheeler,51,31,1,15.68,2011,15,235,306046.0,0,Private,5975.43
2 Wheeler,57,36,1,51.73,2007,19,81,278246.0,0,Private,5986.38
2 Wheeler,56,35,0,17.14,2011,15,386,62097.0,0,Private,3348.77
2 Wheeler,53,32,3,38.06,2005,21,372,185610.0,0,Private,5645.67
2 Wheeler,61,43,0,40.18,2023,3,465,79722.0,0,Private,3475.22
2 Wheeler,19,0,0,46.52,2017,9,153,323560.0,0,Private,5484.11
2 Wheeler,59,40,0,36.24,2015,11,381,173118.0,0,Private,4163.37
2 Wheeler,34,14,0,41.81,2024,2,448,391250.0,0,Private,5845.63
2 Wheeler,25,2,0,9.96,2017,9,423,134746.0,0,Private,3670.18
2 Wheeler,20,0,2,41.28,2009,17,94,232927.0,0,Private,5322.34
2 Wheeler,38,17,0,17.62,2026,0,314,323032.0,0,Private,4614.5
2 Wheeler,41,23,0,25.57,2026,0,286,386775.0,0,Private,5119.61
2 Wheeler,56,37,1,28.22,2020,6,383,194058.0,0,Private,3943.54
2 Wheeler,60,39,0,18.09,2010,16,374,260048.0,0,Private,5295.03
2 Wheeler,23,5,1,44.78,2024,2,299,397762.0,0,Private,6860.6
2 Wheeler,36,18,1,49.75,2026,0,552,295903.0,0,Private,6032.36
2 Wheeler,30,12,0,9.18,2023,3,450,216589.0,0,Private,4015.34
2 Wheeler,18,0,1,3.44,2009,17,164,261067.0,0,Private,5349.32
2 Wheeler,54,32,0,9.54,2020,6,304,77287.0,0,Private,2853.34
2 Wheeler,35,12,0,6.03,2021,5,564,380108.0,0,Private,6503.17
2 Wheeler,26,4,0,47.82,2010,16,120,298334.0,0,Private,6055.3
2 Wheeler,42,21,1,29.5,2022,4,337,114190.0,0,Private,3846.29
2 Wheeler,47,27,0,34.8,2026,0,593,85257.0,0,Private,3609.29
2 Wheeler,54,36,0,18.04,2012,14,571,349551.0,0,Private,6452.52
2 Wheeler,50,28,0,33.23,2007,19,269,336375.0,0,Private,6431.04
2 Wheeler,29,7,2,40.22,2015,11,264,232794.0,0,Private,5340.03
2 Wheeler,31,9,0,10.02,2023,3,294,202410.0,0,Private,4199.73
2 Wheeler,19,0,0,57.26,2008,18,579,248802.0,0,Private,5797.04
2 Wheeler,19,0,2,31.36,2007,19,441,195930.0,0,Private,6139.98
2 Wheeler,29,6,0,41.72,2020,6,533,237933.0,0,Private,4591.64
2 Wheeler,19,0,0,45.91,2026,0,477,272842.0,0,Private,5031.48
2 Wheeler,53,31,0,34.47,2007,19,591,168110.0,0,Private,5003.06
2 Wheeler,33,13,0,25.01,2007,19,505,267048.0,0,Private,6320.72
2 Wheeler,60,41,1,48.34,2017,9,276,241813.0,0,Private,6069.4
2 Wheeler,47,28,0,16.92,2023,3,591,372283.0,0,Private,5149.4
2 Wheeler,33,14,1,39.85,2015,11,515,342650.0,0,Private,6445.11
2 Wheeler,55,35,0,6.23,2018,8,121,388098.0,0,Private,5495.68
2 Wheeler,55,32,0,18.28,2005,21,212,201736.0,0,Private,5213.82
2 Wheeler,50,29,1,24.71,2026,0,532,396875.0,0,Private,6557.65
2 Wheeler,27,8,0,5.8,2019,7,574,211186.0,0,Private,4898.66
2 Wheeler,53,35,1,15.59,2011,15,293,200525.0,0,Private,5514.01
2 Wheeler,19,0,0,10.34,2026,0,142,258634.0,0,Private,4270.66
2 Wheeler,52,34,1,5.46,2008,18,491,120229.0,0,Private,4353.49
2 Wheeler,59,38,1,52.68,2021,5,280,184525.0,0,Private,4726.28
2 Wheeler,58,39,1,55.84,2007,19,231,351351.0,0,Private,6706.39
2 Wheeler,63,42,1,6.92,2025,1,271,241168.0,0,Private,4382.43
2 Wheeler,56,37,1,43.65,2020,6,230,240774.0,0,Private,5314.77
2 Wheeler,20,0,1,39.95,2019,7,170,188190.0,0,Private,4073.72
2 Wheeler,38,20,0,8.52,2026,0,208,301309.0,0,Private,4956.43
2 Wheeler,58,37,1,20.69,2024,2,380,54714.0,0,Private,2771.18
2 Wheeler,46,28,2,27.83,2024,2,422,242816.0,0,Private,4457.12
2 Wheeler,45,22,1,33.41,2024,2,160,344965.0,0,Private,5376.45
2 Wheeler,63,41,0,52.16,2007,19,358,230366.0,0,Private,5249.52
2 Wheeler,28,10,1,36.93,2022,4,476,182529.0,0,Private,4801.48
2 Wheeler,56,35,0,16.43,2021,5,437,355724.0,0,Private,6990.06
2 Wheeler,52,30,0,50.79,2023,3,575,225350.0,0,Private,4710.89
2 Wheeler,44,26,1,48.02,2024,2,600,366736.0,0,Private,6498.16
2 Wheeler,42,21,1,53.47,2015,11,595,149975.0,0,Private,4670.08
2 Wheeler,62,39,0,19.89,2024,2,129,366520.0,0,Private,5131.32
2 Wheeler,20,0,0,19.56,2014,12,459,328559.0,0,Private,6059.21
2 Wheeler,54,35,0,33.17,2009,17,374,304408.0,0,Private,6392.74
2 Wheeler,40,19,0,16.92,2026,0,84,62626.0,0,Private,2250.67
2 Wheeler,34,14,0,58.95,2025,1,551,279464.0,0,Private,5727.64
2 Wheeler,21,1,1,19.38,2007,19,195,66135.0,0,Private,3984.68
2 Wheeler,30,7,0,47.92,2016,10,438,247741.0,0,Private,5757.35
2 Wheeler,53,34,1,4.78,2010,16,401,397207.0,0,Private,7596.3
2 Wheeler,44,24,2,23.74,2005,21,173,305236.0,0,Private,6544.97
2 Wheeler,58,39,1,59.59,2026,0,122,270756.0,0,Private,5022.05
2 Wheeler,18,0,1,57.41,2021,5,284,161411.0,0,Private,4304.76
2 Wheeler,47,29,1,33.64,2006,20,422,165209.0,0,Private,4665.17
2 Wheeler,47,27,0,17.18,2022,4,514,242325.0,0,Private,4793.23
2 Wheeler,28,10,0,23.29,2015,11,410,92879.0,0,Private,3658.18
2 Wheeler,48,30,1,5.27,2009,17,523,164877.0,0,Private,5386.58
2 Wheeler,47,29,2,36.0,2006,20,396,124916.0,0,Private,5329.69
2 Wheeler,46,24,2,9.06,2015,11,272,279983.0,0,Private,4829.97
2 Wheeler,25,3,0,36.05,2012,14,393,348676.0,0,Private,8293.86
2 Wheeler,38,15,1,7.27,2005,21,177,180385.0,0,Private,4749.6
2 Wheeler,36,15,0,7.53,2013,13,82,297230.0,0,Private,5128.07
2 Wheeler,49,30,0,14.03,2025,1,428,177464.0,0,Private,3880.0
2 Wheeler,61,42,2,44.56,2005,21,246,124328.0,0,Private,5250.84
2 Wheeler,26,4,1,28.49,2021,5,328,133684.0,0,Private,3977.43
2 Wheeler,26,4,1,43.17,2018,8,581,330687.0,0,Private,6166.06
2 Wheeler,24,2,0,55.65,2007,19,179,248447.0,0,Private,5957.42
2 Wheeler,51,33,0,28.53,2020,6,551,183957.0,0,Private,3971.46
2 Wheeler,30,12,2,40.69,2008,18,408,338111.0,0,Private,7710.14
2 Wheeler,20,0,0,14.63,2006,20,521,179492.0,0,Private,4901.13
2 Wheeler,51,33,2,49.45,2009,17,524,63652.0,0,Private,4713.12
2 Wheeler,27,5,2,44.07,2016,10,447,110285.0,0,Private,4336.32
2 Wheeler,27,7,1,28.95,2015,11,407,290546.0,0,Private,5931.15
2 Wheeler,27,9,1,57.08,2021,5,234,153272.0,0,Private,3238.2
2 Wheeler,25,7,1,12.27,2022,4,151,291213.0,0,Private,5241.04
2 Wheeler,32,12,1,8.0,2013,13,80,322271.0,0,Private,5130.29
2 Wheeler,42,21,1,15.25,2018,8,407,183003.0,0,Private,4549.58
2 Wheeler,42,22,1,57.83,2025,1,296,220672.0,0,Private,4088.43
2 Wheeler,50,31,0,25.02,2013,13,243,268349.0,0,Private,5229.64
2 Wheeler,65,45,1,48.51,2008,18,352,208390.0,0,Private,5335.09
2 Wheeler,28,7,3,41.54,2022,4,277,333172.0,0,Private,6222.06
2 Wheeler,59,40,0,4.25,2005,21,157,177004.0,0,Private,4397.51
2 Wheeler,27,8,1,33.05,2021,5,532,107510.0,0,Private,3768.53
2 Wheeler,57,35,0,43.15,2025,1,405,71441.0,0,Private,2758.06
2 Wheeler,29,7,0,59.83,2018,8,172,335513.0,0,Private,5841.15
2 Wheeler,21,3,1,17.39,2007,19,567,273521.0,0,Private,6248.06
2 Wheeler,63,41,1,54.33,2005,21,564,98552.0,0,Private,5656.6
2 Wheeler,42,22,0,5.51,2018,8,139,340106.0,0,Private,5447.62
2 Wheeler,64,45,1,54.2,2013,13,277,157767.0,0,Private,4806.18
2 Wheeler,30,11,0,30.1,2010,16,228,195590.0,0,Private,5014.79
2 Wheeler,55,34,1,17.61,2013,13,440,333315.0,0,Private,6195.3
2 Wheeler,44,22,2,59.22,2015,11,334,391413.0,0,Private,7029.76
2 Wheeler,58,37,0,31.17,2013,13,83,393724.0,0,Private,6353.26
2 Wheeler,25,7,2,36.59,2023,3,493,375626.0,0,Private,6700.16
2 Wheeler,48,26,0,55.71,2020,6,350,73793.0,0,Private,3876.52
2 Wheeler,39,16,0,13.7,2013,13,118,220567.0,0,Private,5105.0
2 Wheeler,55,32,0,40.55,2025,1,373,380747.0,0,Private,6999.24
2 Wheeler,32,10,0,26.56,2012,14,421,203441.0,0,Private,5108.46
2 Wheeler,57,38,1,32.49,2011,15,279,86802.0,0,Private,3741.36
2 Wheeler,46,25,3,20.19,2026,0,399,317179.0,0,Private,5924.02
2 Wheeler,34,16,2,42.75,2025,1,170,147070.0,0,Private,3182.15
2 Wheeler,57,38,0,10.43,2006,20,379,234632.0,0,Private,6337.6
2 Wheeler,59,40,0,9.46,2017,9,533,205355.0,0,Private,4562.72
2 Wheeler,41,20,1,48.61,2019,7,132,380073.0,0,Private,6287.08
2 Wheeler,42,22,1,25.85,2012,14,542,94817.0,0,Private,3585.12
2 Wheeler,49,30,0,12.48,2011,15,435,66725.0,0,Private,3604.66
2 Wheeler,49,28,1,12.81,2006,20,277,393305.0,0,Private,6935.89
2 Wheeler,21,0,0,8.8,2025,1,316,265210.0,0,Private,4309.51
2 Wheeler,50,27,1,49.39,2024,2,150,180288.0,0,Private,3219.17
2 Wheeler,61,41,1,53.48,2026,0,129,372404.0,0,Private,6454.63
2 Wheeler,32,10,1,3.36,2007,19,172,219428.0,0,Private,5614.85
2 Wheeler,19,0,0,34.12,2012,14,295,301468.0,0,Private,5407.15
2 Wheeler,44,26,0,54.29,2008,18,443,356709.0,0,Private,7313.18
2 Wheeler,22,3,1,22.25,2019,7,289,216485.0,0,Private,4664.79
2 Wheeler,32,9,1,37.36,2016,10,145,393328.0,0,Private,5575.82
2 Wheeler,24,1,1,57.47,2019,7,99,70114.0,0,Private,2892.59
2 Wheeler,50,30,0,37.86,2023,3,506,394140.0,0,Private,6069.22
2 Wheeler,50,27,2,12.16,2019,7,110,277280.0,0,Private,5346.43
2 Wheeler,38,16,1,41.23,2020,6,324,338863.0,0,Private,5922.23
2 Wheeler,29,6,1,56.82,2020,6,335,60577.0,0,Private,3816.33
2 Wheeler,25,5,0,47.92,2016,10,374,180007.0,0,Private,4915.19
2 Wheeler,34,13,1,22.28,2016,10,486,368462.0,0,Private,7001.67
2 Wheeler,35,13,0,15.96,2025,1,279,172545.0,0,Private,3689.57
2 Wheeler,22,1,1,27.24,2010,16,128,342596.0,0,Private,7134.59
2 Wheeler,18,0,0,36.44,2019,7,100,162648.0,0,Private,4414.08
2 Wheeler,63,43,1,59.58,2012,14,522,259940.0,0,Private,5833.01
2 Wheeler,29,6,1,52.8,2005,21,489,313667.0,0,Private,6973.51
2 Wheeler,27,6,0,26.32,2017,9,322,130899.0,0,Private,3715.22
2 Wheeler,64,43,1,44.61,2012,14,250,256424.0,0,Private,6083.16
2 Wheeler,30,11,0,52.5,2024,2,357,60412.0,0,Private,2938.89
2 Wheeler,65,45,0,48.28,2023,3,466,86991.0,0,Private,3843.28
2 Wheeler,31,9,1,21.86,2006,20,262,160915.0,0,Private,5122.0
2 Wheeler,57,38,0,45.64,2024,2,528,364085.0,0,Private,6045.52
2 Wheeler,43,23,0,59.87,2018,8,434,346927.0,0,Private,6015.57
2 Wheeler,61,41,0,27.4,2019,7,565,290820.0,0,Private,5494.99
2 Wheeler,54,33,0,17.88,2011,15,524,281250.0,0,Private,5683.22
2 Wheeler,58,40,1,20.42,2023,3,593,85896.0,0,Private,3427.76
2 Wheeler,28,9,1,52.63,2011,15,447,388452.0,0,Private,7497.57
2 Wheeler,32,11,2,43.21,2007,19,321,88633.0,0,Private,4141.82
2 Wheeler,51,33,0,3.4,2015,11,499,119514.0,0,Private,3017.85
2 Wheeler,42,19,0,20.45,2015,11,105,262097.0,0,Private,4972.36
2 Wheeler,24,6,1,32.73,2005,21,104,311243.0,0,Private,7094.28
2 Wheeler,57,38,1,56.92,2020,6,380,214715.0,0,Private,5241.0
2 Wheeler,56,37,0,4.22,2010,16,370,350293.0,0,Private,6664.37
2 Wheeler,20,1,0,52.35,2025,1,156,210176.0,0,Private,4418.72
2 Wheeler,64,41,1,54.68,2007,19,219,79491.0,0,Private,3542.03
2 Wheeler,62,41,1,50.59,2010,16,526,287564.0,0,Private,6288.42
2 Wheeler,43,24,1,32.29,2018,8,313,60215.0,0,Private,3445.93
2 Wheeler,39,18,1,48.22,2012,14,163,51964.0,0,Private,3802.89
2 Wheeler,64,45,0,19.33,2019,7,586,82055.0,0,Private,3484.43
2 Wheeler,62,39,0,9.41,2021,5,77,340003.0,0,Private,5363.72
2 Wheeler,45,27,1,25.59,2007,19,113,160046.0,0,Private,4939.89
2 Wheeler,59,37,1,22.65,2008,18,446,335147.0,0,Private,6041.1
2 Wheeler,24,4,3,21.18,2008,18,413,282984.0,0,Private,7327.08
2 Wheeler,58,40,1,12.97,2017,9,121,266872.0,0,Private,4919.16
2 Wheeler,30,8,0,17.29,2020,6,280,185530.0,0,Private,4084.01
2 Wheeler,40,19,1,18.3,2013,13,600,275098.0,0,Private,5656.7
2 Wheeler,24,3,0,48.32,2009,17,82,341648.0,0,Private,6716.39
2 Wheeler,51,29,0,25.41,2012,14,489,300015.0,0,Private,5593.37
2 Wheeler,61,39,1,19.26,2007,19,565,298951.0,0,Private,6275.12
2 Wheeler,47,25,1,14.19,2008,18,164,293131.0,0,Private,6424.6
2 Wheeler,56,35,1,10.77,2026,0,183,394944.0,0,Private,5462.14
2 Wheeler,18,0,0,47.46,2007,19,328,237549.0,0,Private,5351.11
2 Wheeler,26,5,1,14.73,2023,3,441,130084.0,0,Private,3428.97
2 Wheeler,56,36,0,4.9,2015,11,286,129542.0,0,Private,3505.98
2 Wheeler,42,21,0,20.17,2015,11,123,284959.0,0,Private,4846.36
2 Wheeler,59,37,0,29.51,2026,0,492,75411.0,0,Private,2907.14
2 Wheeler,39,20,0,50.33,2021,5,496,135603.0,0,Private,4115.78
2 Wheeler,31,9,0,43.05,2006,20,158,266848.0,0,Private,5311.18
2 Wheeler,56,36,0,21.99,2015,11,398,384283.0,0,Private,6896.92
2 Wheeler,51,31,0,38.46,2018,8,460,283650.0,0,Private,5831.77
2 Wheeler,31,10,1,49.74,2021,5,206,265950.0,0,Private,5459.36
2 Wheeler,40,17,0,55.1,2015,11,326,65911.0,0,Private,3861.06
2 Wheeler,47,26,0,12.9,2012,14,528,102060.0,0,Private,3544.06
2 Wheeler,63,42,0,50.7,2025,1,174,77622.0,0,Private,2590.41
2 Wheeler,26,6,1,44.27,2017,9,254,126446.0,0,Private,3715.87
2 Wheeler,47,26,1,31.93,2018,8,578,170950.0,0,Private,5246.73
2 Wheeler,49,26,1,9.11,2010,16,486,255738.0,0,Private,5399.22
2 Wheeler,59,38,0,21.08,2014,12,373,151201.0,0,Private,4312.15
2 Wheeler,32,10,0,13.17,2017,9,573,64259.0,0,Private,3474.38
2 Wheeler,19,0,1,9.0,2018,8,323,314140.0,0,Private,5261.22
2 Wheeler,20,1,0,53.93,2020,6,241,58475.0,0,Private,3111.49
2 Wheeler,18,0,1,37.08,2008,18,546,322610.0,0,Private,7651.76
2 Wheeler,26,6,1,32.14,2015,11,555,337719.0,0,Private,6235.4
2 Wheeler,23,2,0,36.62,2010,16,428,308496.0,0,Private,6695.07
2 Wheeler,45,25,0,43.37,2010,16,254,358586.0,0,Private,6937.49
2 Wheeler,37,16,0,49.68,2018,8,295,104422.0,0,Private,3822.9
2 Wheeler,39,17,1,15.67,2020,6,543,156077.0,0,Private,3882.16
2 Wheeler,60,42,1,20.6,2021,5,542,203084.0,0,Private,4219.6
2 Wheeler,36,17,0,44.32,2008,18,237,230984.0,0,Private,5646.52
2 Wheeler,35,13,0,31.56,2012,14,497,390100.0,0,Private,8082.19
2 Wheeler,63,44,1,42.34,2021,5,358,158907.0,0,Private,3999.29
2 Wheeler,25,3,1,20.62,2023,3,407,286717.0,0,Private,5233.46
2 Wheeler,52,33,1,28.51,2005,21,248,378797.0,0,Private,7300.27
2 Wheeler,29,10,0,19.08,2026,0,412,370436.0,0,Private,5651.67
2 Wheeler,48,25,0,25.84,2024,2,188,327845.0,0,Private,5047.76
2 Wheeler,33,14,0,48.94,2020,6,109,164577.0,0,Private,3533.68
2 Wheeler,20,2,0,24.5,2020,6,571,334780.0,0,Private,5347.97
2 Wheeler,20,0,0,29.27,2023,3,523,365728.0,0,Private,5680.97
2 Wheeler,23,4,1,59.77,2025,1,285,277053.0,0,Private,4967.63
2 Wheeler,39,19,2,58.27,2010,16,319,286240.0,0,Private,5959.25
2 Wheeler,22,1,0,3.91,2026,0,181,196311.0,0,Private,3359.73
2 Wheeler,58,36,1,47.67,2007,19,514,244090.0,0,Private,5541.11
2 Wheeler,25,2,0,35.44,2013,13,564,310604.0,0,Private,6414.53
2 Wheeler,56,35,0,18.02,2021,5,469,107755.0,0,Private,3139.75
2 Wheeler,45,25,0,16.04,2006,20,298,396583.0,0,Private,7013.55
2 Wheeler,51,28,2,45.29,2013,13,310,328259.0,0,Private,6431.54
2 Wheeler,61,43,0,10.81,2005,21,483,211678.0,0,Private,5190.38
2 Wheeler,61,43,0,12.26,2012,14,114,120772.0,0,Private,3442.39
2 Wheeler,33,14,1,4.47,2008,18,161,61912.0,0,Private,3617.32
2 Wheeler,29,10,1,41.43,2012,14,431,328774.0,0,Private,5994.57
2 Wheeler,51,31,0,5.75,2024,2,339,347751.0,0,Private,6002.02
2 Wheeler,58,35,0,58.37,2018,8,521,82609.0,0,Private,4004.79
2 Wheeler,48,25,0,32.46,2005,21,499,245104.0,0,Private,6087.12
2 Wheeler,39,21,1,20.72,2007,19,435,170847.0,0,Private,5282.7
2 Wheeler,34,15,0,49.04,2016,10,429,150509.0,0,Private,4658.89
2 Wheeler,33,13,0,53.29,2017,9,550,239804.0,0,Private,6112.42
2 Wheeler,35,16,1,5.88,2006,20,121,55047.0,0,Private,3096.8
2 Wheeler,65,42,0,52.92,2025,1,547,234922.0,0,Private,4785.04
2 Wheeler,27,5,0,19.36,2013,13,75,110017.0,0,Private,3247.03
2 Wheeler,37,18,2,43.74,2022,4,507,323278.0,0,Private,6867.61
2 Wheeler,38,19,1,3.2,2026,0,451,80648.0,0,Private,2951.67
2 Wheeler,48,26,3,30.74,2014,12,221,74092.0,0,Private,4070.05
2 Wheeler,63,44,1,27.06,2019,7,585,367365.0,0,Private,5690.21
2 Wheeler,22,0,1,17.35,2016,10,433,315183.0,0,Private,5864.85
2 Wheeler,42,22,0,58.66,2014,12,207,319482.0,0,Private,6286.23
2 Wheeler,43,22,0,16.7,2015,11,102,88692.0,0,Private,2645.96
2 Wheeler,40,21,0,32.55,2011,15,562,239142.0,0,Private,5816.07
2 Wheeler,31,9,0,42.2,2015,11,122,74852.0,0,Private,3636.41
2 Wheeler,65,45,0,11.71,2022,4,231,365665.0,0,Private,5046.95
2 Wheeler,21,0,0,57.49,2013,13,485,84483.0,0,Private,3678.36
2 Wheeler,28,8,0,17.09,2026,0,360,250831.0,0,Private,4762.76
2 Wheeler,41,21,0,53.6,2026,0,341,240864.0,0,Private,4773.64
2 Wheeler,19,0,1,24.13,2025,1,376,337820.0,0,Private,5938.97
2 Wheeler,60,37,0,40.22,2008,18,373,278694.0,0,Private,4907.46
2 Wheeler,49,28,0,33.46,2007,19,216,365173.0,0,Private,5963.65
2 Wheeler,39,16,2,48.54,2022,4,462,238268.0,0,Private,5194.3
2 Wheeler,42,22,0,58.51,2011,15,259,283865.0,0,Private,5877.08
2 Wheeler,61,38,3,4.29,2011,15,562,140715.0,0,Private,4978.67
2 Wheeler,46,23,0,33.48,2018,8,360,242003.0,0,Private,4263.94
2 Wheeler,52,32,0,41.82,2025,1,570,371533.0,0,Private,5680.82
2 Wheeler,50,31,0,49.17,2007,19,467,97008.0,0,Private,5086.04
2 Wheeler,44,24,0,37.54,2024,2,272,310761.0,0,Private,5140.25
2 Wheeler,38,15,2,34.64,2008,18,297,334495.0,0,Private,5923.17
2 Wheeler,26,6,1,56.21,2019,7,311,170371.0,0,Private,5063.77
2 Wheeler,39,19,0,44.37,2025,1,304,225770.0,0,Private,4663.76
2 Wheeler,30,8,3,54.98,2014,12,116,396099.0,0,Private,7056.01
2 Wheeler,38,15,0,5.06,2018,8,482,96469.0,0,Private,3901.62
2 Wheeler,27,7,0,21.0,2020,6,121,223494.0,0,Private,4296.75
2 Wheeler,56,37,0,46.42,2006,20,491,243264.0,0,Private,6504.43
2 Wheeler,51,29,2,56.85,2012,14,421,176563.0,0,Private,4949.11
2 Wheeler,44,22,1,29.24,2008,18,78,240305.0,0,Private,5184.64
2 Wheeler,61,39,2,38.43,2006,20,421,141918.0,0,Private,4953.85
2 Wheeler,54,33,0,27.06,2015,11,517,119085.0,0,Private,4438.51
2 Wheeler,49,28,2,50.49,2014,12,229,368950.0,0,Private,5902.34
2 Wheeler,26,4,0,56.79,2023,3,348,308859.0,0,Private,4457.02
2 Wheeler,26,6,1,19.71,2005,21,357,320206.0,0,Private,6404.48
2 Wheeler,27,8,1,11.1,2020,6,463,317266.0,0,Private,5835.54
2 Wheeler,39,17,0,20.94,2016,10,416,225727.0,0,Private,4554.05
2 Wheeler,50,27,0,18.14,2023,3,465,305064.0,0,Private,5200.14
2 Wheeler,57,38,1,47.93,2007,19,585,210347.0,0,Private,6018.76
2 Wheeler,20,0,0,55.85,2024,2,271,206658.0,0,Private,4349.13
2 Wheeler,21,3,1,51.3,2022,4,537,80857.0,0,Private,3321.34
2 Wheeler,22,0,1,26.94,2026,0,201,87406.0,0,Private,2885.92
2 Wheeler,47,26,2,9.46,2022,4,338,390717.0,0,Private,5806.24
2 Wheeler,23,4,0,31.76,2008,18,521,328959.0,0,Private,6650.54
2 Wheeler,52,32,0,59.37,2017,9,73,175944.0,0,Private,3799.69
2 Wheeler,55,34,0,4.85,2006,20,558,279679.0,0,Private,6579.66
2 Wheeler,52,29,0,23.48,2016,10,394,155664.0,0,Private,4089.85
2 Wheeler,41,18,2,53.9,2005,21,236,276721.0,0,Private,6768.33
2 Wheeler,19,0,0,57.07,2014,12,475,135937.0,0,Private,4355.08
2 Wheeler,37,19,1,6.73,2016,10,203,53442.0,0,Private,2792.61
2 Wheeler,41,23,0,47.43,2024,2,489,268191.0,0,Private,5444.06
2 Wheeler,37,14,1,41.08,2025,1,591,373135.0,0,Private,5802.45
2 Wheeler,53,35,1,53.55,2006,20,472,298103.0,0,Private,6113.97
2 Wheeler,38,15,1,49.77,2023,3,89,366323.0,0,Private,5987.57
2 Wheeler,47,26,0,23.65,2025,1,158,375361.0,0,Private,5472.3
2 Wheeler,56,38,0,6.98,2005,21,448,295453.0,0,Private,5885.39
2 Wheeler,33,13,0,41.04,2021,5,275,134179.0,0,Private,3713.01
2 Wheeler,59,37,1,52.89,2016,10,344,281301.0,0,Private,5956.54
2 Wheeler,43,25,0,18.36,2017,9,497,116731.0,0,Private,3584.44
2 Wheeler,43,22,1,43.29,2022,4,381,309390.0,0,Private,6013.05
2 Wheeler,18,0,0,30.27,2021,5,238,380556.0,0,Private,6256.5
2 Wheeler,49,26,0,19.26,2024,2,396,272791.0,0,Private,4697.37
2 Wheeler,46,25,0,56.35,2014,12,111,379733.0,0,Private,6830.89
2 Wheeler,24,2,1,42.32,2007,19,399,133229.0,0,Private,4718.54
2 Wheeler,37,14,0,48.92,2023,3,169,173116.0,0,Private,3968.45
2 Wheeler,51,31,1,54.38,2011,15,380,110668.0,0,Private,4484.87
2 Wheeler,42,19,0,17.0,2013,13,119,151932.0,0,Private,3998.09
2 Wheeler,30,8,0,56.59,2022,4,321,382145.0,0,Private,5872.57
2 Wheeler,35,15,1,56.91,2020,6,537,132790.0,0,Private,5327.3
2 Wheeler,63,44,1,16.72,2019,7,387,334401.0,0,Private,5266.4
2 Wheeler,35,13,1,25.38,2016,10,481,341026.0,0,Private,6865.15
2 Wheeler,23,3,0,43.11,2022,4,155,260890.0,0,Private,4851.58
2 Wheeler,20,0,0,16.29,2007,19,507,306888.0,0,Private,6775.25
2 Wheeler,34,14,1,8.81,2018,8,141,341172.0,0,Private,5265.18
2 Wheeler,62,42,0,49.54,2025,1,434,284588.0,0,Private,4985.12
2 Wheeler,49,27,0,22.38,2026,0,279,367223.0,0,Private,5885.27
2 Wheeler,18,0,0,21.69,2006,20,286,233771.0,0,Private,4939.55
2 Wheeler,39,21,2,24.22,2007,19,460,299406.0,0,Private,6952.68
2 Wheeler,22,3,1,23.34,2005,21,539,251781.0,0,Private,5682.15
2 Wheeler,41,20,0,17.79,2020,6,541,117838.0,0,Private,3666.18
2 Wheeler,32,9,0,18.01,2017,9,572,97034.0,0,Private,3592.81
2 Wheeler,45,22,0,6.97,2009,17,218,101286.0,0,Private,3554.87
2 Wheeler,18,0,0,59.01,2010,16,558,50848.0,0,Private,4438.28
2 Wheeler,58,39,0,22.95,2017,9,351,88862.0,0,Private,3154.78
2 Wheeler,29,8,0,27.13,2006,20,515,197198.0,0,Private,5128.47
2 Wheeler,55,32,0,57.35,2009,17,579,140027.0,0,Private,5411.46
2 Wheeler,38,17,1,26.85,2006,20,589,389151.0,0,Private,6743.9
2 Wheeler,37,17,0,57.32,2024,2,338,359029.0,0,Private,6327.87
2 Wheeler,50,30,0,27.31,2022,4,485,393619.0,0,Private,5477.1
2 Wheeler,19,0,0,54.67,2015,11,224,188091.0,0,Private,4456.16
2 Wheeler,20,0,0,33.47,2007,19,353,357796.0,0,Private,7282.84
2 Wheeler,53,34,0,30.04,2007,19,101,353989.0,0,Private,7333.15
2 Wheeler,35,14,0,50.34,2010,16,479,106675.0,0,Private,4187.91
2 Wheeler,44,24,0,8.72,2011,15,446,136653.0,0,Private,3906.43
2 Wheeler,40,18,0,51.38,2014,12,495,194591.0,0,Private,4780.8
2 Wheeler,65,44,1,31.5,2020,6,164,336557.0,0,Private,5853.94
2 Wheeler,55,34,2,27.32,2006,20,326,369669.0,0,Private,7737.78
2 Wheeler,38,17,1,7.65,2021,5,590,349975.0,0,Private,6566.44
2 Wheeler,43,25,1,11.48,2023,3,188,148163.0,0,Private,3245.15
2 Wheeler,52,34,0,18.36,2020,6,313,185948.0,0,Private,3719.53
2 Wheeler,27,6,0,35.27,2019,7,342,186195.0,0,Private,4562.43
2 Wheeler,49,31,0,53.75,2012,14,591,86949.0,0,Private,4473.92
2 Wheeler,65,45,0,8.35,2013,13,173,89803.0,0,Private,3045.54
2 Wheeler,27,4,3,19.33,2019,7,293,264622.0,0,Private,5305.46
2 Wheeler,34,13,0,11.81,2020,6,398,298413.0,0,Private,5772.88
2 Wheeler,52,29,1,12.5,2018,8,392,60972.0,0,Private,3596.97
2 Wheeler,25,7,2,50.08,2011,15,280,168818.0,0,Private,5174.76
2 Wheeler,59,40,0,32.38,2018,8,532,136440.0,0,Private,4469.92
2 Wheeler,21,3,1,45.65,2008,18,261,79230.0,0,Private,4020.1
2 Wheeler,24,6,0,24.5,2026,0,153,296140.0,0,Private,4728.21
2 Wheeler,58,39,1,9.24,2018,8,301,248202.0,0,Private,4734.13
2 Wheeler,29,11,1,23.44,2024,2,103,264769.0,0,Private,5014.69
2 Wheeler,30,7,1,31.41,2009,17,341,101170.0,0,Private,4320.95
2 Wheeler,32,11,0,53.72,2013,13,320,89242.0,0,Private,4292.96
2 Wheeler,56,35,0,15.71,2023,3,257,113520.0,0,Private,2909.46
2 Wheeler,58,35,2,16.39,2019,7,414,223767.0,0,Private,4531.05
2 Wheeler,53,33,0,59.15,2009,17,526,132111.0,0,Private,4475.79
2 Wheeler,47,26,0,55.96,2007,19,596,212142.0,0,Private,5825.06
2 Wheeler,65,44,1,48.93,2006,20,472,91849.0,0,Private,5596.91
2 Wheeler,24,4,2,21.55,2010,16,300,389658.0,0,Private,6279.59
2 Wheeler,62,40,0,35.53,2009,17,456,154066.0,0,Private,4465.67
2 Wheeler,24,5,3,40.83,2020,6,402,115407.0,0,Private,3658.89
2 Wheeler,20,0,0,21.26,2017,9,291,175186.0,0,Private,4187.29
2 Wheeler,23,1,0,28.71,2014,12,502,88080.0,0,Private,4494.97
2 Wheeler,28,5,1,20.71,2023,3,78,271864.0,0,Private,4573.62
2 Wheeler,52,29,0,47.31,2007,19,77,374953.0,0,Private,6837.6
2 Wheeler,36,16,0,29.95,2025,1,493,154022.0,0,Private,3781.1
2 Wheeler,40,19,1,46.06,2012,14,479,341172.0,0,Private,6622.77
2 Wheeler,21,0,1,22.37,2006,20,246,51178.0,0,Private,3326.54
2 Wheeler,30,9,0,54.3,2012,14,424,389907.0,0,Private,6967.74
2 Wheeler,48,28,0,23.55,2021,5,183,106631.0,0,Private,2498.37
2 Wheeler,37,19,0,28.18,2026,0,587,252763.0,0,Private,5159.89
2 Wheeler,33,14,2,40.37,2017,9,347,397922.0,0,Private,7502.93
2 Wheeler,25,2,1,37.92,2013,13,442,189962.0,0,Private,4838.48
2 Wheeler,61,43,0,4.92,2007,19,354,119289.0,0,Private,3791.7
2 Wheeler,45,23,1,4.56,2013,13,194,382280.0,0,Private,6773.97
2 Wheeler,45,23,1,38.58,2020,6,438,221918.0,0,Private,5059.14
2 Wheeler,40,19,1,41.53,2012,14,356,251550.0,0,Private,5701.16
2 Wheeler,53,31,1,25.73,2008,18,474,236181.0,0,Private,5324.01
2 Wheeler,48,30,2,4.5,2009,17,100,117989.0,0,Private,3620.63
2 Wheeler,38,20,0,44.39,2019,7,515,349031.0,0,Private,6837.27
2 Wheeler,36,15,3,45.09,2021,5,422,348298.0,0,Private,7496.88
2 Wheeler,36,14,1,17.18,2013,13,321,356385.0,0,Private,6177.51
2 Wheeler,33,13,2,56.05,2023,3,141,149053.0,0,Private,3673.01
2 Wheeler,50,32,0,47.58,2010,16,131,301198.0,0,Private,5838.86
2 Wheeler,28,5,1,47.81,2021,5,134,246539.0,0,Private,4718.6
2 Wheeler,50,27,1,36.94,2011,15,304,151481.0,0,Private,5489.17
2 Wheeler,33,13,0,16.35,2014,12,116,206603.0,0,Private,4989.58
2 Wheeler,55,34,0,50.57,2024,2,429,267971.0,0,Private,4877.83
2 Wheeler,60,38,1,42.24,2008,18,202,249106.0,0,Private,5628.99
2 Wheeler,53,33,0,25.95,2005,21,196,204782.0,0,Private,5772.11
2 Wheeler,49,28,1,54.04,2013,13,186,306680.0,0,Private,5766.76
2 Wheeler,20,2,0,38.72,2005,21,588,351679.0,0,Private,7504.67
2 Wheeler,65,42,1,16.54,2015,11,505,177239.0,0,Private,4153.89
2 Wheeler,59,39,0,23.44,2016,10,169,101526.0,0,Private,2816.0
2 Wheeler,59,36,2,39.78,2014,12,455,171584.0,0,Private,5244.81
2 Wheeler,51,31,0,52.6,2013,13,565,358897.0,0,Private,7058.4
2 Wheeler,29,11,1,52.84,2020,6,570,254144.0,0,Private,5508.59
2 Wheeler,20,2,0,53.9,2022,4,498,324162.0,0,Private,5405.94
2 Wheeler,50,31,1,24.76,2005,21,240,256099.0,0,Private,6383.6
2 Wheeler,59,39,0,16.46,2013,13,96,238478.0,0,Private,5333.94
2 Wheeler,19,0,0,37.73,2023,3,213,123188.0,0,Private,2836.06
2 Wheeler,22,4,1,38.65,2016,10,530,202034.0,0,Private,4389.88
2 Wheeler,26,8,1,56.26,2011,15,323,325866.0,0,Private,7054.0
2 Wheeler,55,33,1,37.2,2016,10,191,66005.0,0,Private,3198.19
2 Wheeler,26,7,1,4.79,2023,3,540,223126.0,0,Private,4224.09
2 Wheeler,43,24,1,24.9,2022,4,547,389595.0,0,Private,5534.22
2 Wheeler,21,3,0,52.41,2011,15,501,143900.0,0,Private,5228.13
2 Wheeler,39,21,1,54.08,2010,16,285,240351.0,0,Private,5910.66
2 Wheeler,36,15,2,40.57,2019,7,509,74451.0,0,Private,3578.81
2 Wheeler,62,39,1,35.35,2019,7,265,135633.0,0,Private,3974.09
2 Wheeler,51,30,1,50.33,2025,1,167,81199.0,0,Private,3369.86
2 Wheeler,27,6,0,10.59,2011,15,302,347691.0,0,Private,6426.26
2 Wheeler,32,13,0,7.11,2017,9,435,226998.0,0,Private,4919.43
2 Wheeler,25,5,1,5.94,2007,19,421,353709.0,0,Private,6982.71
2 Wheeler,33,14,0,10.29,2025,1,188,172645.0,0,Private,3665.27
2 Wheeler,31,13,1,37.39,2013,13,285,195603.0,0,Private,4946.59
2 Wheeler,30,10,0,20.5,2010,16,369,72870.0,0,Private,3918.36
2 Wheeler,21,3,0,19.6,2022,4,318,90483.0,0,Private,3266.89
2 Wheeler,26,8,1,12.16,2013,13,75,181596.0,0,Private,4524.38
2 Wheeler,43,23,0,46.55,2007,19,161,366159.0,0,Private,6199.1
2 Wheeler,18,0,1,44.11,2017,9,360,334277.0,0,Private,5176.11
2 Wheeler,49,28,1,9.89,2024,2,141,283849.0,0,Private,5050.89
2 Wheeler,53,34,1,34.86,2024,2,484,274047.0,0,Private,4805.95
2 Wheeler,49,31,0,52.99,2009,17,233,349668.0,0,Private,7708.19
2 Wheeler,31,10,1,39.29,2005,21,86,118175.0,0,Private,4133.73
2 Wheeler,45,26,0,37.9,2020,6,545,275060.0,0,Private,4840.15
2 Wheeler,18,0,0,55.87,2012,14,208,209870.0,0,Private,5563.85
2 Wheeler,52,30,1,8.62,2024,2,420,55010.0,0,Private,2277.54
2 Wheeler,42,22,1,25.32,2017,9,402,356383.0,0,Private,5540.58
2 Wheeler,61,40,1,19.29,2023,3,361,101984.0,0,Private,3038.65
2 Wheeler,29,6,0,7.07,2011,15,456,219311.0,0,Private,4675.1
2 Wheeler,65,43,0,12.42,2008,18,431,172741.0,0,Private,5135.27
2 Wheeler,59,36,0,47.43,2020,6,440,325565.0,0,Private,5500.99
2 Wheeler,30,11,0,57.11,2026,0,105,111040.0,0,Private,3122.37
2 Wheeler,22,3,0,39.95,2023,3,332,189092.0,0,Private,4695.5
2 Wheeler,57,38,0,14.77,2012,14,207,244574.0,0,Private,5546.73
2 Wheeler,33,11,1,45.27,2005,21,123,76222.0,0,Private,4448.23
2 Wheeler,35,17,0,12.55,2012,14,453,160683.0,0,Private,4338.65
2 Wheeler,19,0,0,18.59,2008,18,424,214626.0,0,Private,5355.79
2 Wheeler,47,27,0,48.29,2013,13,129,249490.0,0,Private,5062.47
2 Wheeler,63,40,0,47.53,2022,4,449,357665.0,0,Private,6117.53
2 Wheeler,28,8,1,11.41,2008,18,397,149435.0,0,Private,4900.07
2 Wheeler,19,0,0,44.75,2026,0,568,342590.0,0,Private,5377.82
2 Wheeler,31,9,0,31.98,2026,0,163,365241.0,0,Private,5513.36
2 Wheeler,19,0,1,46.14,2011,15,528,72091.0,0,Private,4559.41
2 Wheeler,57,34,0,31.83,2005,21,177,215595.0,0,Private,5587.63
2 Wheeler,43,24,0,32.29,2007,19,228,131875.0,0,Private,4321.27
2 Wheeler,29,10,2,50.3,2012,14,157,290165.0,0,Private,6238.07
2 Wheeler,62,39,0,11.8,2012,14,259,75400.0,0,Private,3534.5
2 Wheeler,47,29,0,58.32,2010,16,576,239692.0,0,Private,5319.01
2 Wheeler,50,29,0,7.92,2026,0,437,99277.0,0,Private,2627.41
2 Wheeler,18,0,0,45.84,2018,8,193,257456.0,0,Private,5854.46
2 Wheeler,62,42,0,52.04,2012,14,127,300292.0,0,Private,5801.09
2 Wheeler,42,20,2,5.99,2013,13,323,383322.0,0,Private,6909.62
2 Wheeler,56,36,1,49.35,2013,13,174,106742.0,0,Private,4046.1
2 Wheeler,64,41,0,33.87,2025,1,572,220054.0,0,Private,4657.43
2 Wheeler,23,3,0,50.62,2010,16,313,285274.0,0,Private,5257.48
2 Wheeler,32,10,0,42.58,2008,18,281,356692.0,0,Private,7503.72
2 Wheeler,26,8,1,14.41,2014,12,374,203751.0,0,Private,4824.75
2 Wheeler,64,45,1,6.62,2006,20,321,78999.0,0,Private,4174.05
2 Wheeler,57,37,0,11.27,2022,4,541,336537.0,0,Private,5582.45
2 Wheeler,35,12,1,50.79,2013,13,422,158682.0,0,Private,5374.34
2 Wheeler,49,27,0,17.81,2026,0,340,99660.0,0,Private,2705.89
2 Wheeler,22,3,0,52.37,2020,6,149,327496.0,0,Private,5924.43
2 Wheeler,37,17,0,50.22,2019,7,545,254498.0,0,Private,5553.5
2 Wheeler,59,36,1,8.05,2006,20,201,177075.0,0,Private,5000.42
2 Wheeler,56,35,0,26.81,2006,20,171,212875.0,0,Private,5206.02
2 Wheeler,55,34,0,57.23,2014,12,303,79773.0,0,Private,3561.49
2 Wheeler,44,26,1,53.81,2012,14,86,241339.0,0,Private,5062.91
2 Wheeler,52,33,1,53.7,2025,1,318,301849.0,0,Private,5991.46
2 Wheeler,28,6,1,57.59,2006,20,463,339807.0,0,Private,6795.03
2 Wheeler,23,2,1,11.15,2010,16,198,370962.0,0,Private,7174.17
2 Wheeler,20,2,0,25.09,2006,20,107,62439.0,0,Private,3337.62
Goods Carrying Truck,62,41,2,33.66,2011,15,7836,1009367.0,15931,Private Carrier,26799.11
Goods Carrying Truck,19,0,1,21.51,2016,10,3042,4631710.0,39756,Public Carrier,49860.08
Goods Carrying Truck,58,36,1,23.54,2012,14,4286,1474529.0,30741,Private Carrier,34760.49
Goods Carrying Truck,42,24,0,22.7,2007,19,3461,2712800.0,13166,Private Carrier,34186.0
Goods Carrying Truck,45,26,0,46.63,2023,3,7192,4677117.0,29290,Private Carrier,49711.93
Goods Carrying Truck,28,9,2,53.57,2014,12,9348,2950731.0,17184,Public Carrier,42029.31
Goods Carrying Truck,47,25,0,19.99,2013,13,2408,3248025.0,3605,Private Carrier,33454.04
Goods Carrying Truck,23,0,1,49.07,2023,3,9917,5721587.0,11094,Private Carrier,53097.99
Goods Carrying Truck,29,6,2,43.04,2016,10,9771,1049927.0,4672,Public Carrier,27716.21
Goods Carrying Truck,51,32,0,38.75,2020,6,6173,4024006.0,9174,Public Carrier,39856.07
Goods Carrying Truck,50,31,0,54.51,2009,17,5308,5985273.0,9863,Private Carrier,57255.38
Goods Carrying Truck,36,15,1,28.59,2015,11,4376,5255404.0,4616,Public Carrier,46511.01
Goods Carrying Truck,41,18,1,56.1,2026,0,6615,3598238.0,32884,Private Carrier,42187.59
Goods Carrying Truck,44,24,0,11.25,2017,9,8559,2941255.0,22319,Public Carrier,36883.11
Goods Carrying Truck,28,5,0,31.94,2017,9,2773,1278300.0,12263,Private Carrier,21905.58
Goods Carrying Truck,28,7,2,35.34,2008,18,7546,3069844.0,10363,Private Carrier,37424.62
Goods Carrying Truck,20,0,0,41.01,2017,9,5716,2068233.0,10213,Public Carrier,29013.42
Goods Carrying Truck,55,34,1,51.8,2026,0,3918,1954060.0,15501,Private Carrier,30770.87
Goods Carrying Truck,62,43,2,12.18,2005,21,3378,3141508.0,5952,Public Carrier,37177.88
Goods Carrying Truck,56,35,0,48.17,2011,15,8647,4895944.0,26642,Public Carrier,45912.34
Goods Carrying Truck,47,27,0,37.86,2016,10,6471,3753663.0,37673,Public Carrier,42241.5
Goods Carrying Truck,42,22,0,46.93,2010,16,2738,2973146.0,9846,Public Carrier,37702.85
Goods Carrying Truck,25,6,1,22.93,2011,15,8533,3160917.0,27296,Public Carrier,42987.0
Goods Carrying Truck,37,14,0,5.81,2015,11,7921,3878409.0,24921,Public Carrier,50158.11
Goods Carrying Truck,22,0,1,54.37,2026,0,5811,4563695.0,11920,Private Carrier,49473.71
Goods Carrying Truck,37,15,1,19.72,2007,19,5999,4648505.0,16902,Public Carrier,46706.16
Goods Carrying Truck,62,44,1,30.76,2015,11,9812,2131932.0,27982,Private Carrier,31084.59
Goods Carrying Truck,21,0,0,23.2,2016,10,9159,996657.0,15717,Public Carrier,23184.28
Goods Carrying Truck,52,29,0,3.53,2025,1,1963,4604053.0,32968,Public Carrier,38236.76
Goods Carrying Truck,64,45,0,57.17,2010,16,8590,3673171.0,39540,Private Carrier,46917.79
Goods Carrying Truck,56,35,0,16.0,2024,2,2699,1118853.0,4856,Private Carrier,18650.67
Goods Carrying Truck,30,9,1,41.97,2021,5,9440,3690614.0,6824,Private Carrier,36604.33
Goods Carrying Truck,58,36,1,14.48,2024,2,5701,5348338.0,32062,Private Carrier,55110.85
Goods Carrying Truck,41,23,0,15.42,2008,18,9372,3511944.0,16467,Public Carrier,47306.85
Goods Carrying Truck,61,40,2,34.84,2009,17,4421,1732335.0,27393,Public Carrier,33976.74
Goods Carrying Truck,63,40,2,4.93,2006,20,6019,3020981.0,31209,Private Carrier,43348.61
Goods Carrying Truck,21,3,1,13.36,2011,15,4097,5667516.0,14127,Public Carrier,58227.06
Goods Carrying Truck,41,18,2,48.41,2025,1,9986,4797253.0,7927,Public Carrier,46888.7
Goods Carrying Truck,51,28,0,6.03,2007,19,6508,807040.0,22057,Public Carrier,23320.93
Goods Carrying Truck,50,31,0,45.11,2022,4,2465,2105523.0,16598,Public Carrier,27429.52
Goods Carrying Truck,45,27,1,30.86,2006,20,7513,1250227.0,35531,Public Carrier,30889.94
Goods Carrying Truck,44,25,0,42.36,2024,2,1983,2881007.0,25724,Public Carrier,31450.33
Goods Carrying Truck,50,27,0,25.76,2026,0,4520,2963964.0,28095,Public Carrier,38066.68
Goods Carrying Truck,33,11,2,52.35,2007,19,4561,5587079.0,27200,Public Carrier,52619.03
Goods Carrying Truck,36,17,2,41.81,2020,6,2109,2867342.0,3585,Public Carrier,29194.32
Goods Carrying Truck,27,6,0,34.54,2008,18,2333,5466134.0,36482,Public Carrier,57615.41
Goods Carrying Truck,41,20,2,12.89,2015,11,3373,5133153.0,10125,Public Carrier,48804.95
Goods Carrying Truck,57,39,1,10.18,2024,2,2803,4979972.0,4310,Private Carrier,36190.79
Goods Carrying Truck,22,3,0,22.81,2018,8,9716,1753621.0,28895,Public Carrier,35697.57
Goods Carrying Truck,20,0,0,32.19,2018,8,8281,4762198.0,28509,Private Carrier,52446.48
Goods Carrying Truck,53,35,0,9.65,2005,21,3562,4664516.0,21951,Private Carrier,47317.99
Goods Carrying Truck,27,4,1,9.89,2026,0,2936,5325269.0,15000,Public Carrier,42991.06
Goods Carrying Truck,18,0,0,19.62,2008,18,3028,3389587.0,24429,Private Carrier,33501.56
Goods Carrying Truck,18,0,0,18.63,2025,1,8960,1990037.0,23593,Public Carrier,31101.09
Goods Carrying Truck,25,7,1,36.71,2009,17,4281,1166642.0,32556,Private Carrier,30489.45
Goods Carrying Truck,40,18,0,38.1,2025,1,7973,4543258.0,38513,Private Carrier,42839.27
Goods Carrying Truck,56,35,0,33.66,2016,10,2564,2664183.0,16974,Private Carrier,36429.47
Goods Carrying Truck,23,5,0,47.45,2022,4,2441,4362795.0,24627,Public Carrier,40426.88
Goods Carrying Truck,26,5,0,47.86,2020,6,3635,3457683.0,21436,Public Carrier,35624.1
Goods Carrying Truck,26,8,1,39.18,2010,16,4635,3749809.0,6699,Private Carrier,40000.46
Goods Carrying Truck,34,16,1,43.56,2022,4,6498,4670801.0,21917,Public Carrier,43979.82
Goods Carrying Truck,48,26,0,12.14,2025,1,2829,964223.0,35578,Public Carrier,22418.78
Goods Carrying Truck,37,15,0,23.45,2015,11,2359,4480210.0,25420,Public Carrier,41549.69
Goods Carrying Truck,61,42,1,20.35,2026,0,4770,1331897.0,23014,Private Carrier,23102.86
Goods Carrying Truck,58,36,0,36.4,2013,13,1912,1156679.0,36173,Public Carrier,29117.82
Goods Carrying Truck,39,17,1,35.04,2024,2,9253,1820590.0,22286,Public Carrier,32873.33
Goods Carrying Truck,62,43,0,16.59,2011,15,6122,4539409.0,39729,Public Carrier,53092.74
Goods Carrying Truck,64,41,1,56.26,2023,3,4079,2347053.0,17079,Private Carrier,34329.73
Goods Carrying Truck,43,22,1,29.81,2023,3,9304,2005400.0,31376,Private Carrier,34753.62
Goods Carrying Truck,26,3,1,6.46,2009,17,9006,3863461.0,4454,Public Carrier,49814.7
Goods Carrying Truck,34,11,1,50.73,2020,6,3554,5592138.0,27655,Public Carrier,49050.25
Goods Carrying Truck,41,22,2,36.65,2007,19,9908,2729947.0,37095,Private Carrier,42621.25
Goods Carrying Truck,42,24,1,36.02,2013,13,8951,2712113.0,34856,Private Carrier,44502.94
Goods Carrying Truck,23,4,0,35.37,2005,21,8762,1907190.0,28885,Private Carrier,34465.59
Goods Carrying Truck,27,5,2,53.17,2014,12,6745,5769467.0,22933,Public Carrier,60836.28
Goods Carrying Truck,39,20,0,57.35,2019,7,1808,3741942.0,13272,Private Carrier,41175.21
Goods Carrying Truck,53,34,0,34.7,2007,19,7432,1590839.0,23225,Public Carrier,31070.15
Goods Carrying Truck,49,27,2,49.75,2026,0,4400,5190593.0,21607,Public Carrier,40657.35
Goods Carrying Truck,51,33,0,38.23,2012,14,6610,3132632.0,38940,Private Carrier,47898.34
Goods Carrying Truck,34,13,0,35.29,2019,7,4089,4910233.0,4020,Public Carrier,49075.29
Goods Carrying Truck,36,15,0,44.81,2011,15,3559,3995259.0,27915,Public Carrier,40317.4
Goods Carrying Truck,58,37,1,5.72,2020,6,7090,2060807.0,7801,Public Carrier,31002.34
Goods Carrying Truck,45,27,1,35.09,2017,9,2371,5165874.0,21637,Private Carrier,46231.76
Goods Carrying Truck,52,31,1,34.22,2015,11,3283,1496101.0,19436,Private Carrier,24647.6
Goods Carrying Truck,27,9,1,25.19,2010,16,9568,5073657.0,24149,Public Carrier,50726.35
Goods Carrying Truck,36,15,2,55.59,2014,12,5391,2523710.0,28566,Public Carrier,35702.42
Goods Carrying Truck,56,36,1,59.73,2025,1,1944,1946303.0,20993,Public Carrier,34127.68
Goods Carrying Truck,27,5,0,31.0,2013,13,6588,5550483.0,13869,Public Carrier,56599.5
Goods Carrying Truck,53,32,0,34.21,2012,14,9361,4436566.0,8067,Private Carrier,44221.76
Goods Carrying Truck,38,19,1,53.03,2015,11,7157,2378053.0,21246,Private Carrier,41550.42
Goods Carrying Truck,19,0,0,24.72,2006,20,2410,5813200.0,25407,Public Carrier,53906.44
Goods Carrying Truck,21,0,0,30.42,2007,19,9975,3732759.0,24854,Public Carrier,50751.1
Goods Carrying Truck,43,24,0,19.45,2021,5,5096,4476032.0,5289,Private Carrier,44292.97
Goods Carrying Truck,51,31,0,56.7,2017,9,4747,2009006.0,32929,Public Carrier,36507.85
Goods Carrying Truck,57,36,0,35.91,2017,9,3719,5369722.0,22744,Public Carrier,56269.37
Goods Carrying Truck,28,6,0,51.35,2023,3,8758,2585541.0,32158,Public Carrier,44285.13
Goods Carrying Truck,22,3,0,28.12,2021,5,3060,5122127.0,25723,Private Carrier,41575.69
Goods Carrying Truck,34,12,0,8.37,2010,16,7324,4669926.0,20672,Public Carrier,45575.81
Goods Carrying Truck,29,7,2,45.46,2017,9,5237,3000018.0,38452,Private Carrier,43704.06
Goods Carrying Truck,24,5,0,50.78,2023,3,3834,2671210.0,10475,Public Carrier,30691.11
Goods Carrying Truck,57,39,0,3.74,2016,10,3165,4270346.0,39577,Public Carrier,43270.71
Goods Carrying Truck,59,36,2,19.15,2008,18,6901,4696832.0,4628,Private Carrier,52044.94
Goods Carrying Truck,40,17,1,28.02,2016,10,3693,4442261.0,5464,Public Carrier,42872.09
Goods Carrying Truck,54,36,0,52.63,2005,21,8767,1704768.0,13089,Public Carrier,28819.23
Goods Carrying Truck,60,42,0,4.45,2011,15,4163,1897945.0,14217,Private Carrier,31058.36
Goods Carrying Truck,52,33,0,36.21,2013,13,5985,2956291.0,25589,Public Carrier,40468.74
Goods Carrying Truck,52,31,1,57.76,2024,2,9932,1121992.0,30627,Public Carrier,27986.39
Goods Carrying Truck,60,40,1,19.11,2020,6,7783,2581093.0,35112,Public Carrier,39547.94
Goods Carrying Truck,31,13,1,13.43,2012,14,9393,950233.0,24481,Private Carrier,30446.96
Goods Carrying Truck,39,16,1,58.35,2023,3,4216,953648.0,18634,Public Carrier,23465.92
Goods Carrying Truck,24,2,0,31.35,2023,3,3285,5490698.0,7673,Public Carrier,47054.63
Goods Carrying Truck,25,4,0,20.74,2018,8,3476,3636216.0,35199,Private Carrier,39465.66
Goods Carrying Truck,31,12,0,36.19,2006,20,6312,2764354.0,19804,Private Carrier,41760.48
Goods Carrying Truck,22,3,1,55.6,2023,3,3872,1089933.0,23261,Public Carrier,25992.82
Goods Carrying Truck,23,0,2,24.53,2011,15,3353,3122083.0,3564,Public Carrier,37054.17
Goods Carrying Truck,36,17,1,9.12,2013,13,2271,4247081.0,38056,Public Carrier,44484.89
Goods Carrying Truck,42,19,3,20.53,2007,19,7647,5310031.0,16957,Private Carrier,50090.31
Goods Carrying Truck,60,40,2,57.67,2011,15,2714,1703957.0,22687,Public Carrier,32038.86
Goods Carrying Truck,59,38,0,18.6,2026,0,8866,2836086.0,31421,Private Carrier,38435.88
Goods Carrying Truck,30,8,0,39.97,2026,0,7643,2794264.0,25392,Private Carrier,36934.37
Goods Carrying Truck,58,39,1,21.11,2010,16,4970,4854348.0,18715,Private Carrier,45479.66
Goods Carrying Truck,45,22,1,49.68,2019,7,6922,4924386.0,20760,Private Carrier,51941.46
Goods Carrying Truck,48,25,3,49.3,2012,14,9457,3075866.0,25550,Public Carrier,46974.98
Goods Carrying Truck,26,6,0,45.87,2015,11,3799,1264700.0,23258,Public Carrier,22244.91
Goods Carrying Truck,29,11,0,15.31,2015,11,2710,1281907.0,12124,Private Carrier,23448.27
Goods Carrying Truck,41,23,1,34.41,2005,21,6295,4478646.0,7013,Public Carrier,45328.58
Goods Carrying Truck,22,2,1,14.51,2010,16,5969,2835839.0,3945,Private Carrier,36875.06
Goods Carrying Truck,32,10,0,19.48,2008,18,9945,4910582.0,17999,Private Carrier,52511.19
Goods Carrying Truck,34,12,0,5.47,2015,11,4997,4348882.0,18442,Public Carrier,42413.11
Goods Carrying Truck,57,34,0,33.77,2007,19,3426,4631394.0,15692,Public Carrier,41620.83
Goods Carrying Truck,55,34,1,45.66,2007,19,3458,5411751.0,12021,Public Carrier,56789.85
Goods Carrying Truck,41,22,0,13.38,2025,1,7346,5983649.0,13285,Private Carrier,58530.31
Goods Carrying Truck,42,21,0,14.75,2013,13,7579,5448405.0,37951,Public Carrier,56562.56
Goods Carrying Truck,58,38,0,59.66,2009,17,4267,3520110.0,24830,Private Carrier,44619.38
Goods Carrying Truck,36,16,1,58.21,2012,14,5986,1626959.0,9624,Private Carrier,28850.3
Goods Carrying Truck,34,13,1,7.75,2006,20,8822,1044809.0,13142,Public Carrier,27795.69
Goods Carrying Truck,33,10,0,17.52,2005,21,5333,3582982.0,11282,Private Carrier,34501.0
Goods Carrying Truck,36,14,1,53.08,2012,14,5568,3807843.0,28320,Public Carrier,42905.09
Goods Carrying Truck,54,31,0,29.81,2025,1,9758,5654233.0,11967,Public Carrier,60342.01
Goods Carrying Truck,64,45,0,10.69,2009,17,8438,4504823.0,34456,Public Carrier,56437.98
Goods Carrying Truck,26,6,0,16.55,2022,4,9829,1810130.0,12336,Public Carrier,31964.46
Goods Carrying Truck,24,6,0,13.6,2022,4,6593,1365421.0,24178,Private Carrier,29649.45
Goods Carrying Truck,27,7,0,28.38,2014,12,7675,5836730.0,9916,Public Carrier,54322.5
Goods Carrying Truck,26,5,2,20.11,2024,2,5314,5057297.0,32613,Public Carrier,55438.21
Goods Carrying Truck,55,35,0,57.87,2021,5,8561,1230372.0,29423,Public Carrier,30437.22
Goods Carrying Truck,43,20,0,52.96,2005,21,6690,3310210.0,28997,Private Carrier,39034.01
Goods Carrying Truck,43,20,0,29.6,2011,15,8286,3225586.0,12989,Private Carrier,34066.52
Goods Carrying Truck,33,12,0,19.52,2024,2,7953,4207431.0,26218,Public Carrier,43715.53
Goods Carrying Truck,22,3,0,25.49,2021,5,9299,2159028.0,25013,Public Carrier,37000.66
Goods Carrying Truck,54,33,1,6.24,2015,11,7004,1366726.0,5683,Public Carrier,25928.7
Goods Carrying Truck,23,4,0,55.34,2014,12,5318,4749172.0,34489,Public Carrier,49123.16
Goods Carrying Truck,31,10,0,5.3,2018,8,7055,1413515.0,13336,Public Carrier,21638.99
Goods Carrying Truck,28,8,1,46.38,2005,21,5211,5928629.0,25951,Private Carrier,51718.8
Goods Carrying Truck,41,23,1,28.01,2009,17,6453,3396346.0,7033,Public Carrier,39397.6
Goods Carrying Truck,44,24,2,38.87,2018,8,6311,3267027.0,30006,Private Carrier,43705.18
Goods Carrying Truck,25,6,0,12.06,2019,7,4549,2253194.0,24381,Private Carrier,30265.27
Goods Carrying Truck,48,27,1,44.12,2010,16,3559,4884418.0,17347,Private Carrier,56130.71
Goods Carrying Truck,28,5,2,4.7,2009,17,5185,3761455.0,39481,Public Carrier,46017.57
Goods Carrying Truck,62,44,0,19.5,2016,10,3323,1016336.0,32076,Public Carrier,24565.36
Goods Carrying Truck,46,23,2,40.33,2016,10,7756,3986725.0,21596,Private Carrier,45476.81
Goods Carrying Truck,63,41,0,25.94,2017,9,7234,1788678.0,10674,Private Carrier,28149.73
Goods Carrying Truck,59,39,0,15.07,2015,11,9721,3109710.0,33301,Public Carrier,46430.42
Goods Carrying Truck,38,18,0,23.23,2006,20,8896,4332013.0,21980,Private Carrier,49940.52
Goods Carrying Truck,48,27,0,48.3,2016,10,5565,5678028.0,32838,Private Carrier,51173.73
Goods Carrying Truck,23,5,0,33.74,2014,12,6904,1926832.0,36821,Private Carrier,34422.37
Goods Carrying Truck,36,14,0,11.82,2006,20,4665,1688031.0,36263,Private Carrier,36480.97
Goods Carrying Truck,22,2,0,33.06,2024,2,9981,3957231.0,26692,Private Carrier,39182.77
Goods Carrying Truck,65,44,0,26.73,2017,9,3646,2815296.0,10314,Public Carrier,36971.16
Goods Carrying Truck,52,34,0,36.25,2024,2,8227,3781873.0,21099,Private Carrier,45388.93
Goods Carrying Truck,19,0,1,42.16,2005,21,5287,1184837.0,9658,Public Carrier,29623.34
Goods Carrying Truck,19,0,0,14.28,2018,8,9710,1644630.0,32441,Public Carrier,37769.03
Goods Carrying Truck,51,30,0,29.73,2013,13,3973,920711.0,9694,Private Carrier,22055.64
Goods Carrying Truck,29,8,0,29.24,2017,9,4058,5756811.0,25455,Private Carrier,55083.94
Goods Carrying Truck,25,4,0,29.3,2020,6,3523,3111609.0,11689,Public Carrier,28541.72
Goods Carrying Truck,47,26,0,34.09,2022,4,9405,2239349.0,21010,Public Carrier,34160.51
Goods Carrying Truck,37,18,0,6.53,2009,17,7920,1608998.0,31024,Public Carrier,30292.93
Goods Carrying Truck,20,0,1,13.84,2025,1,2426,1532666.0,38443,Public Carrier,26937.04
Goods Carrying Truck,26,4,0,7.31,2012,14,2699,3572116.0,3564,Private Carrier,31650.97
Goods Carrying Truck,65,45,1,46.53,2017,9,4000,5991822.0,20651,Public Carrier,50725.74
Goods Carrying Truck,47,27,0,44.65,2014,12,7274,5392512.0,15937,Private Carrier,54042.66
Goods Carrying Truck,31,12,1,20.1,2010,16,8392,5372614.0,20702,Public Carrier,57372.4
Goods Carrying Truck,22,1,1,8.97,2014,12,8677,3068041.0,17981,Public Carrier,38519.67
Goods Carrying Truck,19,0,1,35.02,2025,1,7597,1426422.0,16435,Private Carrier,25872.23
Goods Carrying Truck,29,8,0,57.79,2021,5,5962,5052709.0,35138,Public Carrier,58208.1
Goods Carrying Truck,31,12,1,24.49,2025,1,5596,3262691.0,23295,Private Carrier,37884.17
Goods Carrying Truck,33,14,4,57.84,2007,19,5244,1447254.0,26444,Public Carrier,35891.75
Goods Carrying Truck,50,29,2,49.52,2024,2,7360,2210765.0,39594,Private Carrier,39391.49
Goods Carrying Truck,31,11,0,4.66,2012,14,2450,1815130.0,5580,Public Carrier,24380.82
Goods Carrying Truck,23,1,0,43.5,2019,7,8289,1590287.0,13812,Private Carrier,25627.12
Goods Carrying Truck,45,25,1,21.92,2013,13,4854,5654603.0,9033,Private Carrier,48920.14
Goods Carrying Truck,53,31,1,37.71,2022,4,3675,5200665.0,21758,Public Carrier,52622.91
Goods Carrying Truck,30,12,0,11.46,2012,14,8037,4188711.0,33852,Private Carrier,46480.12
Goods Carrying Truck,45,24,0,28.02,2013,13,6416,5800294.0,8390,Public Carrier,46509.49
Goods Carrying Truck,38,20,0,3.54,2023,3,3060,5908875.0,33980,Public Carrier,51094.94
Goods Carrying Truck,42,22,1,53.8,2005,21,6124,2504173.0,6427,Private Carrier,37153.33
Goods Carrying Truck,26,8,0,15.8,2013,13,2522,1898649.0,25740,Public Carrier,29065.28
Goods Carrying Truck,47,26,2,17.23,2018,8,5188,5644498.0,10826,Public Carrier,57051.39
Goods Carrying Truck,24,5,2,26.03,2020,6,9087,5978521.0,19501,Private Carrier,54162.06
Goods Carrying Truck,21,0,1,52.68,2005,21,7879,4905622.0,14896,Private Carrier,45346.1
Goods Carrying Truck,23,2,1,6.07,2008,18,4931,4748665.0,13972,Public Carrier,48114.17
Goods Carrying Truck,21,1,1,48.49,2011,15,9884,4013667.0,22620,Private Carrier,48783.34
Goods Carrying Truck,43,20,0,41.3,2005,21,2298,3827049.0,26229,Private Carrier,47112.61
Goods Carrying Truck,35,16,1,51.13,2021,5,9563,5411828.0,7395,Private Carrier,52042.61
Goods Carrying Truck,55,36,0,16.17,2022,4,4108,3267761.0,4204,Private Carrier,40713.08
Goods Carrying Truck,58,36,1,36.95,2009,17,4180,4456026.0,18277,Private Carrier,55694.18
Goods Carrying Truck,55,36,1,21.98,2017,9,6401,5976450.0,13847,Private Carrier,54016.34
Goods Carrying Truck,38,15,2,37.26,2011,15,6918,3837086.0,36903,Public Carrier,45486.4
Goods Carrying Truck,37,15,0,14.04,2018,8,3461,4536578.0,28795,Private Carrier,43475.64
Goods Carrying Truck,42,22,0,17.53,2006,20,1856,5427481.0,13542,Public Carrier,53776.25
Goods Carrying Truck,27,4,0,7.32,2012,14,9594,5530407.0,33924,Public Carrier,66854.55
Goods Carrying Truck,49,27,0,31.35,2011,15,6516,2446085.0,27161,Private Carrier,38286.53
Goods Carrying Truck,58,35,1,12.03,2008,18,7152,2666981.0,19952,Public Carrier,37513.75
Goods Carrying Truck,20,0,2,15.61,2006,20,9248,868542.0,18699,Public Carrier,28899.43
Goods Carrying Truck,48,27,0,28.87,2014,12,7328,3604241.0,16761,Public Carrier,42288.67
Goods Carrying Truck,23,5,1,52.53,2024,2,6230,3716093.0,21946,Public Carrier,46123.42
Goods Carrying Truck,56,35,0,58.41,2015,11,7948,1323051.0,16878,Public Carrier,31600.4
Goods Carrying Truck,45,23,2,53.2,2012,14,6605,5043810.0,4603,Public Carrier,52663.61
Goods Carrying Truck,43,21,1,26.35,2013,13,8135,4692178.0,33079,Private Carrier,55802.0
Goods Carrying Truck,62,39,1,46.05,2016,10,6552,1725935.0,36553,Private Carrier,39176.99
Goods Carrying Truck,29,10,2,36.76,2019,7,9619,1762905.0,15459,Private Carrier,35969.07
Goods Carrying Truck,53,33,0,20.56,2007,19,2160,3631753.0,28847,Public Carrier,39739.89
Goods Carrying Truck,44,22,0,54.86,2024,2,3877,3682171.0,35546,Private Carrier,43452.8
Goods Carrying Truck,32,9,4,50.32,2021,5,2294,2077901.0,32978,Public Carrier,32581.38
Goods Carrying Truck,31,12,0,3.36,2009,17,7066,3902837.0,38887,Private Carrier,52160.18
Goods Carrying Truck,43,25,0,47.83,2010,16,8230,4482171.0,35805,Private Carrier,52236.65
Goods Carrying Truck,48,26,0,32.82,2010,16,2069,3239331.0,9353,Public Carrier,35145.59
Goods Carrying Truck,18,0,0,33.44,2020,6,6659,5998745.0,23802,Private Carrier,60452.29
Goods Carrying Truck,50,29,1,3.21,2020,6,5756,4408526.0,13989,Public Carrier,41037.8
Goods Carrying Truck,53,30,0,9.3,2020,6,4656,1441960.0,6321,Public Carrier,22421.32
Goods Carrying Truck,47,25,0,44.68,2013,13,9925,5792658.0,11282,Private Carrier,62247.29
Goods Carrying Truck,54,33,0,18.32,2018,8,8149,4944946.0,16038,Private Carrier,47236.66
Goods Carrying Truck,58,35,0,12.22,2015,11,5659,4277928.0,30641,Private Carrier,44849.16
Goods Carrying Truck,43,23,0,16.22,2024,2,4412,5833266.0,31002,Private Carrier,50455.44
Goods Carrying Truck,56,33,2,54.11,2015,11,6178,948655.0,23719,Public Carrier,29751.66
Goods Carrying Truck,44,23,2,6.79,2021,5,6467,2975944.0,17478,Public Carrier,36601.91
Goods Carrying Truck,55,32,1,31.01,2024,2,4890,1441533.0,22114,Private Carrier,25443.38
Goods Carrying Truck,50,27,0,40.48,2018,8,2324,3970577.0,33541,Private Carrier,42786.9
Goods Carrying Truck,23,5,0,23.34,2013,13,8796,2004358.0,30726,Public Carrier,37217.67
Goods Carrying Truck,20,0,1,26.57,2023,3,2203,4392273.0,39559,Private Carrier,43109.85
Goods Carrying Truck,51,30,1,55.64,2011,15,9444,1774025.0,39015,Public Carrier,34390.73
Goods Carrying Truck,38,15,1,3.34,2025,1,9504,5937634.0,5660,Private Carrier,56708.7
Goods Carrying Truck,62,42,0,26.2,2009,17,7208,2270863.0,3595,Private Carrier,31991.9
Goods Carrying Truck,26,8,0,40.64,2011,15,6183,1629144.0,21161,Private Carrier,29008.22
Goods Carrying Truck,22,3,0,50.26,2012,14,3100,977332.0,29481,Public Carrier,30247.59
Goods Carrying Truck,18,0,0,37.14,2013,13,8108,2483427.0,30788,Private Carrier,35068.44
Goods Carrying Truck,27,6,0,7.52,2021,5,7163,5993934.0,29321,Private Carrier,56364.87
Goods Carrying Truck,35,17,1,12.1,2005,21,3011,5562518.0,31979,Private Carrier,58228.97
Goods Carrying Truck,54,33,1,25.83,2019,7,2979,3967311.0,6105,Public Carrier,33142.84
Goods Carrying Truck,35,12,1,24.28,2013,13,5739,2700144.0,19232,Public Carrier,39158.13
Goods Carrying Truck,19,1,1,28.47,2025,1,6886,1562601.0,14372,Private Carrier,29010.88
Goods Carrying Truck,21,0,0,52.97,2026,0,9774,2713388.0,28511,Public Carrier,40776.2
Goods Carrying Truck,60,37,1,14.99,2022,4,7793,4723144.0,3855,Public Carrier,41529.53
Goods Carrying Truck,54,34,0,34.96,2005,21,6339,3696966.0,7672,Private Carrier,35925.83
Goods Carrying Truck,54,34,1,50.25,2018,8,5132,3652664.0,14578,Public Carrier,42362.78
Goods Carrying Truck,58,37,1,31.09,2018,8,2695,1131117.0,21540,Public Carrier,21002.69
Goods Carrying Truck,54,36,0,16.44,2008,18,2675,2341580.0,28865,Private Carrier,35577.55
Goods Carrying Truck,27,5,0,4.66,2009,17,6995,5399978.0,10654,Public Carrier,48898.43
Goods Carrying Truck,57,36,0,35.67,2025,1,9472,4269107.0,3522,Public Carrier,39715.32
Goods Carrying Truck,57,37,1,42.1,2015,11,4291,1293510.0,18226,Private Carrier,28391.96
Goods Carrying Truck,33,12,0,58.95,2017,9,7900,1792143.0,7045,Public Carrier,27760.17
Goods Carrying Truck,27,6,1,38.65,2013,13,8181,1335139.0,14607,Public Carrier,27016.33
Goods Carrying Truck,44,22,0,43.98,2014,12,3280,914146.0,17400,Public Carrier,24788.45
Goods Carrying Truck,45,22,0,25.13,2010,16,2494,2008191.0,25510,Public Carrier,28928.39
Goods Carrying Truck,45,22,0,54.42,2020,6,4289,3427959.0,3832,Public Carrier,36373.06
Goods Carrying Truck,41,18,0,53.64,2009,17,5142,2080993.0,8935,Private Carrier,33797.04
Goods Carrying Truck,48,30,0,9.81,2018,8,3069,4441633.0,9162,Public Carrier,41727.64
Goods Carrying Truck,54,36,0,26.62,2017,9,9209,1941657.0,3890,Private Carrier,33885.33
Goods Carrying Truck,42,22,0,19.98,2017,9,3945,1206828.0,14415,Public Carrier,26151.95
Goods Carrying Truck,29,6,0,46.14,2017,9,2156,3692628.0,7394,Private Carrier,36352.85
Goods Carrying Truck,58,38,1,43.73,2015,11,6439,3020226.0,26905,Public Carrier,41400.3
Goods Carrying Truck,25,6,0,21.55,2007,19,2105,1121393.0,29771,Public Carrier,26598.98
Goods Carrying Truck,56,37,0,52.79,2006,20,5132,4980364.0,24712,Public Carrier,54276.78
Goods Carrying Truck,27,8,1,43.99,2008,18,2511,1846513.0,14372,Private Carrier,26413.11
Goods Carrying Truck,32,12,1,54.91,2010,16,8579,5875731.0,21726,Private Carrier,54355.11
Goods Carrying Truck,29,10,1,51.69,2013,13,7316,2348270.0,25258,Private Carrier,35263.6
Goods Carrying Truck,24,6,2,5.06,2017,9,2947,4193560.0,25105,Public Carrier,38572.06
Goods Carrying Truck,61,43,0,58.72,2025,1,5409,4748928.0,37685,Private Carrier,52064.13
Goods Carrying Truck,19,1,0,48.23,2023,3,3306,1547171.0,38743,Public Carrier,30196.94
Goods Carrying Truck,58,39,1,5.79,2023,3,8516,5147674.0,23897,Private Carrier,45555.46
Goods Carrying Truck,52,33,2,33.9,2010,16,8299,4875218.0,13346,Private Carrier,52079.83
Goods Carrying Truck,39,21,1,16.03,2017,9,5709,3243706.0,25444,Private Carrier,37405.72
Goods Carrying Truck,58,36,1,32.26,2024,2,9114,3249515.0,25965,Public Carrier,46081.91
Goods Carrying Truck,64,41,0,36.96,2020,6,8272,4505283.0,25084,Public Carrier,45300.37
Goods Carrying Truck,20,0,0,3.33,2018,8,6049,2503629.0,8835,Public Carrier,30783.77
Goods Carrying Truck,55,34,0,45.3,2024,2,2631,1388482.0,12844,Private Carrier,22417.44
Goods Carrying Truck,42,21,1,24.68,2009,17,7732,2632881.0,26835,Private Carrier,42397.14
Goods Carrying Truck,40,20,1,3.53,2022,4,3260,5514287.0,37241,Public Carrier,53764.07
Goods Carrying Truck,34,12,2,38.5,2006,20,7972,3955826.0,21700,Public Carrier,49441.67
Goods Carrying Truck,18,0,1,33.2,2020,6,8253,2795609.0,26725,Private Carrier,38203.2
Goods Carrying Truck,19,0,0,25.12,2026,0,7541,5103068.0,25723,Private Carrier,57958.83
Goods Carrying Truck,20,0,0,42.98,2012,14,5687,4755184.0,6826,Public Carrier,41100.78
Goods Carrying Truck,65,43,0,48.18,2005,21,3868,5978571.0,34923,Private Carrier,60814.99
Goods Carrying Truck,56,38,0,43.54,2021,5,3218,5401769.0,35358,Private Carrier,48203.5
Goods Carrying Truck,51,29,1,21.37,2009,17,7088,4481905.0,23859,Private Carrier,47730.37
Goods Carrying Truck,22,3,1,32.48,2007,19,6575,4257601.0,36670,Private Carrier,51967.89
Goods Carrying Truck,62,39,1,15.67,2011,15,9755,4213036.0,36824,Public Carrier,49660.97
Goods Carrying Truck,29,7,1,47.82,2009,17,3693,2830794.0,12870,Public Carrier,34843.94
Goods Carrying Truck,31,9,2,29.73,2011,15,3285,1790585.0,13383,Public Carrier,33255.09
Goods Carrying Truck,31,13,1,43.86,2006,20,5460,3107226.0,27883,Private Carrier,43293.02
Goods Carrying Truck,26,4,2,24.69,2012,14,4317,2382646.0,30872,Public Carrier,37969.54
Goods Carrying Truck,21,3,0,11.48,2016,10,3041,1431801.0,8045,Private Carrier,24059.36
Goods Carrying Truck,55,32,1,26.99,2008,18,6335,2016824.0,10216,Private Carrier,31202.54
Goods Carrying Truck,45,25,1,58.83,2014,12,7986,5564799.0,10390,Public Carrier,51986.46
Goods Carrying Truck,55,34,2,53.38,2008,18,8169,1635157.0,28119,Private Carrier,35071.18
Goods Carrying Truck,52,32,1,48.81,2020,6,8285,5537293.0,13003,Public Carrier,55312.51
Goods Carrying Truck,62,39,0,17.15,2023,3,4028,4494989.0,31329,Public Carrier,45573.14
Goods Carrying Truck,51,31,1,6.44,2025,1,3638,4502439.0,6375,Public Carrier,42578.24
Goods Carrying Truck,40,21,1,45.82,2024,2,9540,4426547.0,23035,Private Carrier,48685.73
Goods Carrying Truck,53,30,0,12.99,2022,4,6719,5622727.0,7533,Public Carrier,56369.7
Goods Carrying Truck,53,30,1,58.83,2016,10,9405,1591356.0,38862,Private Carrier,32231.94
Goods Carrying Truck,39,20,0,16.22,2008,18,7684,2710192.0,31919,Public Carrier,38230.37
Goods Carrying Truck,42,23,0,41.37,2006,20,4920,908976.0,35607,Public Carrier,26046.75
Goods Carrying Truck,38,16,0,32.58,2006,20,8612,4811527.0,18753,Public Carrier,48006.46
Goods Carrying Truck,59,37,0,55.38,2011,15,9203,5058117.0,3980,Private Carrier,51646.09
Goods Carrying Truck,29,8,0,17.28,2026,0,6986,4830731.0,27599,Public Carrier,49019.11
Goods Carrying Truck,36,13,0,6.0,2014,12,3564,1700668.0,15565,Private Carrier,27886.67
Goods Carrying Truck,27,6,1,9.12,2017,9,4839,5870913.0,14653,Public Carrier,53153.59
Goods Carrying Truck,47,29,1,41.42,2010,16,9217,2906849.0,30385,Public Carrier,44573.98
Goods Carrying Truck,46,25,0,56.56,2023,3,5075,2132433.0,31968,Public Carrier,35467.01
Goods Carrying Truck,36,15,1,36.2,2006,20,4148,849202.0,16834,Private Carrier,25160.81
Goods Carrying Truck,33,13,0,56.84,2022,4,3429,4648317.0,24106,Private Carrier,41076.51
Goods Carrying Truck,64,44,0,44.24,2016,10,7339,5693524.0,18909,Private Carrier,55727.86
Goods Carrying Truck,61,41,1,30.52,2008,18,5375,4080392.0,9270,Public Carrier,46932.49
Goods Carrying Truck,56,36,0,27.17,2026,0,4986,4789252.0,34422,Private Carrier,44497.32
Goods Carrying Truck,30,11,0,49.48,2009,17,5147,1159465.0,21210,Private Carrier,31281.25
Goods Carrying Truck,28,5,0,29.55,2007,19,3602,3824522.0,33988,Private Carrier,43737.62
Goods Carrying Truck,62,42,0,12.82,2017,9,5596,3738819.0,16941,Private Carrier,39321.05
Goods Carrying Truck,34,12,0,27.92,2023,3,4538,1067154.0,27529,Public Carrier,21182.34
Goods Carrying Truck,53,32,1,30.2,2023,3,9598,3136095.0,31513,Private Carrier,40507.38
Goods Carrying Truck,62,43,1,47.51,2025,1,5330,1501738.0,26937,Private Carrier,27166.4
Goods Carrying Truck,18,0,0,43.67,2016,10,8374,1533706.0,29190,Private Carrier,31672.07
Goods Carrying Truck,26,7,1,13.5,2018,8,7704,5649111.0,11043,Private Carrier,54900.09
Goods Carrying Truck,28,9,1,10.58,2026,0,3541,3161123.0,17114,Private Carrier,30602.41
Goods Carrying Truck,50,30,1,38.84,2014,12,8352,1511525.0,15362,Private Carrier,33804.03
Goods Carrying Truck,39,20,0,35.89,2016,10,7082,3104307.0,8460,Public Carrier,33687.26
Goods Carrying Truck,33,14,0,31.94,2015,11,6999,4789585.0,39619,Private Carrier,52174.17
Goods Carrying Truck,41,22,0,34.6,2010,16,2315,5251645.0,12373,Private Carrier,45022.54
Goods Carrying Truck,24,2,0,35.1,2018,8,3546,2355112.0,23339,Public Carrier,32652.78
Goods Carrying Truck,19,0,2,54.33,2022,4,4631,3564461.0,20287,Private Carrier,46005.03
Goods Carrying Truck,56,36,1,28.85,2012,14,9874,5595852.0,29483,Private Carrier,65257.36
Goods Carrying Truck,18,0,0,51.87,2021,5,3676,1684731.0,9641,Private Carrier,27694.68
Goods Carrying Truck,52,34,0,58.06,2009,17,4824,2522468.0,16138,Private Carrier,28385.56
Goods Carrying Truck,44,21,0,37.35,2005,21,4285,5942664.0,19888,Private Carrier,58168.24
Goods Carrying Truck,22,0,1,34.66,2007,19,8552,5758748.0,37428,Private Carrier,65095.48
Goods Carrying Truck,50,27,0,46.54,2023,3,9228,1403556.0,23651,Public Carrier,29171.23
Goods Carrying Truck,29,8,0,13.55,2005,21,3961,4697003.0,37842,Public Carrier,55257.3
Goods Carrying Truck,52,34,1,11.26,2026,0,4520,4418218.0,11253,Private Carrier,40581.69
Goods Carrying Truck,52,32,0,11.79,2015,11,4379,2135090.0,6281,Public Carrier,25757.66
Goods Carrying Truck,59,38,0,59.27,2013,13,2598,3825596.0,37739,Private Carrier,42676.71
Goods Carrying Truck,19,0,0,50.67,2006,20,5354,2032386.0,25273,Private Carrier,35608.55
Goods Carrying Truck,41,19,0,30.37,2014,12,4941,2493809.0,15565,Private Carrier,26730.5
Goods Carrying Truck,49,26,1,6.83,2013,13,1989,1343327.0,34121,Private Carrier,27059.65
Goods Carrying Truck,45,24,0,24.74,2010,16,6389,5086125.0,22330,Private Carrier,48420.75
Goods Carrying Truck,44,21,1,3.74,2013,13,4026,3700147.0,37794,Private Carrier,40914.88
Goods Carrying Truck,39,21,0,20.33,2014,12,4705,3076995.0,14709,Private Carrier,32954.44
Goods Carrying Truck,28,6,0,6.41,2022,4,9108,2767556.0,27257,Private Carrier,39151.51
Goods Carrying Truck,40,21,1,15.32,2014,12,9206,1321343.0,33408,Private Carrier,36693.18
Goods Carrying Truck,52,32,0,51.85,2023,3,7715,3664479.0,38694,Public Carrier,37930.87
Goods Carrying Truck,51,29,0,8.04,2010,16,8255,5487086.0,6118,Private Carrier,50517.33
Goods Carrying Truck,21,0,0,31.97,2011,15,5155,1115904.0,38555,Public Carrier,32875.25
Goods Carrying Truck,45,23,1,43.65,2019,7,3819,1451292.0,21770,Public Carrier,27131.84
Goods Carrying Truck,52,29,0,47.96,2016,10,7545,4035093.0,10108,Private Carrier,38105.82
Goods Carrying Truck,57,34,2,11.65,2008,18,7065,1672309.0,12241,Public Carrier,32241.78
Goods Carrying Truck,57,38,1,45.84,2020,6,6078,4510662.0,22685,Public Carrier,47984.84
Goods Carrying Truck,36,15,1,16.29,2011,15,3796,1155921.0,27592,Public Carrier,27885.59
Goods Carrying Truck,55,34,0,33.46,2013,13,9914,4009926.0,37458,Public Carrier,49563.46
Goods Carrying Truck,33,11,0,9.92,2012,14,4262,2269833.0,23761,Private Carrier,30881.97
Goods Carrying Truck,36,16,4,34.14,2024,2,5079,4746473.0,29790,Public Carrier,54329.21
Goods Carrying Truck,58,35,1,15.76,2024,2,8372,4847903.0,15225,Public Carrier,43221.17
Goods Carrying Truck,59,37,0,53.99,2014,12,4491,926563.0,33988,Private Carrier,31549.18
Goods Carrying Truck,29,7,2,32.86,2014,12,2208,5070375.0,17463,Public Carrier,45511.17
Goods Carrying Truck,37,16,0,36.98,2007,19,8928,2328948.0,36698,Private Carrier,46334.79
Goods Carrying Truck,37,16,1,4.43,2022,4,3650,3586148.0,7014,Public Carrier,32258.69
Goods Carrying Truck,27,6,0,17.04,2007,19,6271,1550045.0,27017,Private Carrier,31743.45
Goods Carrying Truck,41,20,0,56.36,2009,17,9809,4205474.0,19469,Public Carrier,48320.44
Goods Carrying Truck,32,13,1,39.52,2009,17,9214,2134919.0,24803,Private Carrier,40260.4
Goods Carrying Truck,43,20,1,44.72,2013,13,3776,3413049.0,13487,Private Carrier,43000.02
Goods Carrying Truck,36,13,0,28.15,2013,13,7124,3044279.0,28722,Private Carrier,42204.98
Goods Carrying Truck,32,12,1,37.82,2005,21,9409,4808709.0,7606,Private Carrier,53657.04
Goods Carrying Truck,32,11,2,46.01,2006,20,6754,5456266.0,19061,Private Carrier,56929.71
Goods Carrying Truck,36,18,0,46.28,2025,1,2503,5100359.0,34906,Public Carrier,42939.49
Goods Carrying Truck,59,37,1,59.14,2015,11,6719,5642895.0,19416,Public Carrier,54507.57
Goods Carrying Truck,60,41,1,26.96,2012,14,8712,2265583.0,22364,Public Carrier,37762.94
Goods Carrying Truck,21,3,0,58.76,2007,19,4779,1694947.0,33548,Public Carrier,33955.21
Goods Carrying Truck,32,12,0,41.28,2020,6,6931,5590823.0,29104,Public Carrier,51228.04
Goods Carrying Truck,45,27,1,10.33,2013,13,9762,3437138.0,12611,Public Carrier,42773.72
Goods Carrying Truck,38,19,1,57.96,2006,20,8153,5262531.0,15421,Private Carrier,52905.68
Goods Carrying Truck,21,3,0,18.8,2014,12,7449,1982125.0,24414,Public Carrier,33200.59
Goods Carrying Truck,36,18,0,36.27,2019,7,7440,1498418.0,13332,Private Carrier,28093.88
Goods Carrying Truck,42,20,0,39.72,2024,2,3329,4755860.0,38110,Public Carrier,50303.72
Goods Carrying Truck,27,4,0,3.93,2021,5,7812,1614200.0,4114,Public Carrier,26565.35
Goods Carrying Truck,25,7,2,18.59,2010,16,8937,2978269.0,31093,Public Carrier,44617.85
Goods Carrying Truck,62,43,0,56.76,2017,9,3396,803607.0,20333,Private Carrier,20824.59
Goods Carrying Truck,19,0,0,6.63,2026,0,6342,5339504.0,14236,Public Carrier,50972.2
Goods Carrying Truck,27,4,1,43.85,2009,17,9157,3974879.0,23099,Private Carrier,45673.26
Goods Carrying Truck,60,37,2,7.68,2009,17,6226,3443238.0,23644,Public Carrier,48330.83
Goods Carrying Truck,37,14,2,50.13,2025,1,4594,1491343.0,26757,Public Carrier,31399.86
Goods Carrying Truck,19,0,1,59.6,2025,1,2991,1492330.0,7370,Public Carrier,25249.45
Goods Carrying Truck,18,0,1,13.46,2016,10,2277,2654810.0,9329,Private Carrier,32501.38
Goods Carrying Truck,46,26,0,37.45,2006,20,7252,3188257.0,36477,Public Carrier,43258.22
Goods Carrying Truck,60,39,0,42.35,2006,20,5328,2030249.0,6711,Private Carrier,30333.59
Goods Carrying Truck,60,37,0,3.44,2014,12,6610,3397572.0,27073,Public Carrier,44553.64
Goods Carrying Truck,44,26,0,27.8,2009,17,7455,5988493.0,30458,Public Carrier,57617.5
Goods Carrying Truck,65,45,0,59.55,2025,1,3063,5295901.0,35322,Private Carrier,50772.68
Goods Carrying Truck,46,26,0,31.87,2026,0,4906,5403309.0,17507,Private Carrier,47345.77
Goods Carrying Truck,48,30,0,26.5,2007,19,4338,4877364.0,35852,Private Carrier,44239.02
Goods Carrying Truck,59,36,0,9.0,2022,4,4766,1320930.0,32674,Private Carrier,27785.63
Goods Carrying Truck,35,12,1,55.75,2018,8,7655,4335371.0,10926,Public Carrier,47779.91
Goods Carrying Truck,33,12,1,17.63,2013,13,4683,2122600.0,9761,Private Carrier,27915.97
Goods Carrying Truck,38,18,0,15.22,2011,15,6440,3722505.0,28406,Public Carrier,47180.65
Goods Carrying Truck,25,7,0,6.36,2012,14,2967,3312882.0,33503,Public Carrier,44289.91
Goods Carrying Truck,54,32,0,46.41,2025,1,8903,1400944.0,3890,Private Carrier,27902.67
Goods Carrying Truck,52,30,0,45.92,2015,11,4306,4538907.0,38003,Private Carrier,45743.77
Goods Carrying Truck,49,29,2,19.87,2014,12,3229,3302529.0,30723,Public Carrier,36159.91
Goods Carrying Truck,43,20,0,40.64,2020,6,5721,5708301.0,25383,Private Carrier,46316.81
Goods Carrying Truck,24,1,0,3.92,2025,1,7113,5243599.0,12326,Private Carrier,45339.42
Goods Carrying Truck,30,7,0,47.16,2008,18,6729,3408154.0,36132,Public Carrier,42620.1
Goods Carrying Truck,44,26,1,27.58,2005,21,2118,3850598.0,8731,Private Carrier,37145.07
Goods Carrying Truck,27,9,0,50.08,2018,8,9017,3607230.0,24452,Public Carrier,44204.52
Goods Carrying Truck,54,36,0,42.6,2018,8,6312,1879864.0,29800,Public Carrier,29829.52
Goods Carrying Truck,64,41,1,30.77,2010,16,9367,5905813.0,7394,Private Carrier,61058.91
Goods Carrying Truck,35,15,0,49.29,2014,12,3938,2625387.0,32443,Private Carrier,37620.37
Goods Carrying Truck,55,32,3,42.59,2025,1,8758,5841946.0,7620,Private Carrier,44527.59
Goods Carrying Truck,36,13,1,20.79,2022,4,7258,2509238.0,30060,Public Carrier,34191.53
Goods Carrying Truck,36,16,2,21.65,2010,16,4787,2754983.0,25698,Private Carrier,42134.63
Goods Carrying Truck,51,31,0,16.78,2006,20,7574,1132563.0,20948,Private Carrier,31019.84
Goods Carrying Truck,47,28,0,17.65,2024,2,8156,3687969.0,23687,Private Carrier,42048.8
Goods Carrying Truck,58,40,0,20.61,2009,17,6471,5491151.0,18149,Private Carrier,51137.63
Goods Carrying Truck,56,37,0,37.41,2005,21,2858,4139591.0,28641,Private Carrier,43712.85
Goods Carrying Truck,21,0,1,5.2,2011,15,8433,3130743.0,11422,Public Carrier,44199.86
Goods Carrying Truck,56,35,1,28.14,2026,0,6151,2783046.0,26396,Private Carrier,35020.59
Goods Carrying Truck,65,45,1,12.05,2010,16,4253,2899089.0,11848,Public Carrier,34319.0
Goods Carrying Truck,60,42,0,33.77,2016,10,9018,5333872.0,13457,Private Carrier,56434.12
Goods Carrying Truck,40,22,1,53.14,2010,16,9018,893678.0,7788,Private Carrier,27651.08
Goods Carrying Truck,55,33,0,6.31,2019,7,7765,2050796.0,24075,Private Carrier,30804.4
Goods Carrying Truck,64,45,2,18.99,2024,2,4176,1284530.0,30807,Public Carrier,24952.63
Goods Carrying Truck,60,38,0,59.25,2018,8,5227,2476950.0,10774,Private Carrier,31161.46
Goods Carrying Truck,21,0,0,57.43,2018,8,5414,4084795.0,30997,Public Carrier,48986.35
Goods Carrying Truck,20,0,1,11.82,2017,9,3664,5579196.0,30464,Private Carrier,55380.56
Goods Carrying Truck,55,36,2,42.96,2010,16,2715,5018353.0,21810,Private Carrier,50691.04
Goods Carrying Truck,45,25,1,54.42,2014,12,7812,4857723.0,31874,Private Carrier,49880.69
Goods Carrying Truck,56,34,1,3.15,2010,16,4169,2084743.0,8628,Private Carrier,29124.1
Goods Carrying Truck,33,10,0,33.1,2016,10,2466,1525915.0,39744,Public Carrier,30766.81
Goods Carrying Truck,33,15,1,27.9,2022,4,5172,987598.0,25525,Public Carrier,25988.47
Goods Carrying Truck,50,29,1,24.11,2023,3,2725,4234496.0,20247,Public Carrier,42191.74
Goods Carrying Truck,57,34,0,11.13,2008,18,8036,5024423.0,37999,Private Carrier,55084.31
Goods Carrying Truck,64,44,0,11.16,2011,15,3986,4981180.0,28798,Private Carrier,46539.57
Goods Carrying Truck,60,40,0,47.0,2019,7,2511,2274358.0,12734,Public Carrier,29897.27
Goods Carrying Truck,63,45,0,56.58,2021,5,8575,2008201.0,35730,Private Carrier,34757.9
Goods Carrying Truck,65,42,1,14.29,2012,14,5225,2426043.0,17946,Private Carrier,39111.58
Goods Carrying Truck,50,30,1,31.81,2008,18,7911,2501899.0,9328,Public Carrier,39650.12
Goods Carrying Truck,56,36,0,46.55,2009,17,2993,1841175.0,28413,Public Carrier,35433.14
Goods Carrying Truck,50,32,0,34.51,2005,21,1802,4128495.0,4443,Public Carrier,43458.2
Goods Carrying Truck,49,27,2,27.7,2020,6,9689,3319318.0,11277,Private Carrier,42715.08
Goods Carrying Truck,57,36,1,23.19,2009,17,7703,1412660.0,22552,Private Carrier,33255.89
Goods Carrying Truck,64,43,1,21.21,2017,9,6384,2574797.0,22620,Private Carrier,37471.08
Goods Carrying Truck,18,0,0,57.51,2006,20,4468,1993814.0,14442,Public Carrier,34590.7
Goods Carrying Truck,45,22,1,6.97,2016,10,2067,1707603.0,29254,Private Carrier,27683.16
Goods Carrying Truck,59,39,0,19.85,2017,9,8223,2439622.0,29159,Public Carrier,30001.12
Goods Carrying Truck,24,2,0,14.1,2008,18,6474,4055331.0,27475,Public Carrier,50466.46
Goods Carrying Truck,50,32,0,45.19,2013,13,6769,2374171.0,29290,Public Carrier,35628.14
Goods Carrying Truck,38,16,0,57.85,2015,11,6130,4522519.0,18685,Public Carrier,47355.44
Goods Carrying Truck,42,23,0,59.85,2025,1,3617,1956765.0,34429,Public Carrier,32031.26
Goods Carrying Truck,38,19,0,18.29,2022,4,5352,2294455.0,8359,Public Carrier,31697.3
Goods Carrying Truck,51,28,1,24.6,2021,5,8653,4093376.0,4642,Public Carrier,40187.07
Goods Carrying Truck,40,20,0,5.33,2017,9,2482,5347213.0,22777,Public Carrier,52612.37
Goods Carrying Truck,33,13,1,14.96,2022,4,8820,3607215.0,33256,Public Carrier,42247.38
Goods Carrying Truck,27,5,0,19.74,2025,1,2217,3066370.0,38411,Public Carrier,36230.45
Goods Carrying Truck,34,12,0,18.12,2020,6,3303,4499257.0,25480,Public Carrier,44496.72
Goods Carrying Truck,44,24,0,34.05,2022,4,4475,4211977.0,36760,Private Carrier,52663.48
Goods Carrying Truck,45,25,0,57.25,2024,2,9044,5688024.0,23688,Public Carrier,64864.87
Goods Carrying Truck,25,5,0,13.86,2019,7,6478,1369635.0,39253,Public Carrier,26762.93
Goods Carrying Truck,42,24,1,27.32,2023,3,3639,5763297.0,4854,Public Carrier,53715.54
Goods Carrying Truck,22,1,0,31.68,2018,8,6529,3725625.0,37390,Private Carrier,46667.75
Goods Carrying Truck,19,0,0,18.48,2014,12,3294,2315088.0,6929,Private Carrier,27814.57
Goods Carrying Truck,41,19,0,18.21,2012,14,4640,4743427.0,30948,Private Carrier,48747.19
Goods Carrying Truck,61,38,3,33.93,2013,13,3985,3520611.0,20960,Private Carrier,50383.4
Goods Carrying Truck,65,44,0,18.11,2012,14,3629,4959941.0,10241,Private Carrier,47316.11
Goods Carrying Truck,52,30,1,44.25,2026,0,8993,2543581.0,38970,Public Carrier,38748.13
Goods Carrying Truck,52,32,1,17.45,2014,12,3811,1763959.0,13059,Private Carrier,31693.83
Goods Carrying Truck,23,1,0,49.21,2008,18,6386,3135732.0,38690,Private Carrier,48122.37
Goods Carrying Truck,38,15,0,4.42,2008,18,2786,1672805.0,27893,Public Carrier,29525.04
Goods Carrying Truck,46,27,0,20.72,2014,12,8282,3431362.0,32132,Public Carrier,42000.37
Goods Carrying Truck,62,42,3,48.69,2007,19,5505,5517561.0,11536,Private Carrier,53459.54
Goods Carrying Truck,37,16,0,10.57,2020,6,9621,5332470.0,11988,Public Carrier,57529.67
Goods Carrying Truck,24,3,0,3.97,2021,5,3355,5800206.0,16377,Private Carrier,46188.86
Goods Carrying Truck,45,26,0,42.52,2013,13,6204,4936401.0,16627,Private Carrier,48178.1
Goods Carrying Truck,59,41,2,30.24,2014,12,4404,3341064.0,31971,Public Carrier,41171.15
Goods Carrying Truck,53,35,0,33.06,2005,21,6371,1887961.0,29977,Private Carrier,35430.39
Goods Carrying Truck,36,13,0,57.09,2011,15,9672,3892354.0,14241,Private Carrier,41572.81
Goods Carrying Truck,55,33,0,23.23,2026,0,5637,2134206.0,12211,Private Carrier,29450.83
Goods Carrying Truck,26,8,1,37.51,2018,8,2109,3220238.0,34634,Private Carrier,38126.35
Goods Carrying Truck,50,30,1,48.43,2018,8,8505,2561392.0,24100,Private Carrier,38091.95
Goods Carrying Truck,35,16,1,58.21,2018,8,9545,1933070.0,16949,Private Carrier,33154.75
Goods Carrying Truck,34,12,0,57.16,2019,7,2810,4915598.0,16076,Public Carrier,47277.22
Goods Carrying Truck,47,28,0,10.79,2020,6,7429,2895353.0,39877,Private Carrier,42980.5
Goods Carrying Truck,45,22,0,47.53,2024,2,5929,2837461.0,14625,Public Carrier,36744.34
Goods Carrying Truck,56,37,0,48.33,2016,10,1894,5220572.0,10950,Private Carrier,44986.95
Goods Carrying Truck,46,28,1,51.9,2007,19,7132,1810532.0,38523,Public Carrier,34306.08
Goods Carrying Truck,54,36,1,53.71,2007,19,8059,5391016.0,13399,Private Carrier,62584.04
Agriculture Purpose Vehicle,48,29,0,12.27,2023,3,773,440845.0,6682,Agricultural,9350.38
Agriculture Purpose Vehicle,35,13,0,54.46,2013,13,3084,545689.0,8616,Agricultural,12503.72
Agriculture Purpose Vehicle,64,43,1,36.51,2017,9,3488,2495250.0,7480,Agricultural,27390.05
Agriculture Purpose Vehicle,25,6,1,38.46,2005,21,4736,924535.0,10950,Agricultural,17705.53
Agriculture Purpose Vehicle,22,1,1,47.62,2011,15,532,2712506.0,5753,Agricultural,28895.94
Agriculture Purpose Vehicle,55,36,2,30.07,2021,5,4319,2487742.0,11928,Agricultural,29722.95
Agriculture Purpose Vehicle,20,2,0,9.29,2025,1,4612,1475399.0,7699,Agricultural,20216.21
Agriculture Purpose Vehicle,59,37,1,19.2,2009,17,1528,258549.0,6487,Agricultural,10353.19
Agriculture Purpose Vehicle,27,6,1,34.49,2006,20,4833,1859142.0,7665,Agricultural,27364.02
Agriculture Purpose Vehicle,45,26,0,49.11,2017,9,1157,2702692.0,9804,Agricultural,27842.79
Agriculture Purpose Vehicle,29,10,1,25.3,2015,11,4045,1177410.0,4606,Agricultural,17015.8
Agriculture Purpose Vehicle,46,26,0,20.88,2010,16,1489,1828027.0,3392,Agricultural,19341.82
Agriculture Purpose Vehicle,23,0,0,29.71,2005,21,4770,1483168.0,6662,Agricultural,21997.59
Agriculture Purpose Vehicle,26,4,0,51.09,2019,7,2308,785872.0,1369,Agricultural,13807.13
Agriculture Purpose Vehicle,36,15,1,14.69,2020,6,2956,275684.0,5870,Agricultural,10228.48
Agriculture Purpose Vehicle,65,43,0,16.34,2024,2,3000,1292512.0,5770,Agricultural,15591.83
Agriculture Purpose Vehicle,27,6,0,55.11,2024,2,4287,2107727.0,6285,Agricultural,24039.15
Agriculture Purpose Vehicle,20,1,0,19.82,2024,2,3995,2910893.0,4326,Agricultural,31824.74
Agriculture Purpose Vehicle,20,1,1,17.63,2024,2,5374,2222591.0,4565,Agricultural,25703.77
Agriculture Purpose Vehicle,23,2,0,40.66,2006,20,1464,2931601.0,5518,Agricultural,32772.43
Agriculture Purpose Vehicle,55,37,0,39.34,2024,2,3405,2650563.0,1513,Agricultural,27302.16
Agriculture Purpose Vehicle,58,38,0,24.95,2014,12,4890,682584.0,11101,Agricultural,12981.43
Agriculture Purpose Vehicle,65,45,1,57.9,2023,3,5022,1202416.0,11802,Agricultural,21427.63
Agriculture Purpose Vehicle,28,6,0,18.96,2023,3,1370,2432308.0,7186,Agricultural,27047.37
Agriculture Purpose Vehicle,44,22,1,33.22,2014,12,3733,700718.0,9259,Agricultural,16059.9
Agriculture Purpose Vehicle,57,36,1,36.09,2007,19,3980,1426601.0,1187,Agricultural,22891.86
Agriculture Purpose Vehicle,42,24,0,55.08,2010,16,2610,1259169.0,5771,Agricultural,19020.51
Agriculture Purpose Vehicle,50,29,1,28.36,2014,12,2299,1821363.0,10747,Agricultural,25752.97
Agriculture Purpose Vehicle,23,5,1,47.41,2026,0,1740,1128996.0,6431,Agricultural,15908.04
Agriculture Purpose Vehicle,31,10,0,31.89,2021,5,5340,1822657.0,11437,Agricultural,22601.34
Agriculture Purpose Vehicle,19,0,0,32.16,2011,15,3424,314382.0,6490,Agricultural,11824.02
Agriculture Purpose Vehicle,28,5,0,28.36,2021,5,642,2142628.0,4712,Agricultural,21209.62
Agriculture Purpose Vehicle,25,2,0,37.3,2012,14,4808,1877028.0,4173,Agricultural,22403.29
Agriculture Purpose Vehicle,65,45,0,7.58,2005,21,3326,2620086.0,10979,Agricultural,32475.77
Agriculture Purpose Vehicle,31,10,0,27.62,2010,16,4603,2478804.0,2757,Agricultural,25179.62
Agriculture Purpose Vehicle,19,0,0,22.17,2014,12,3084,1605152.0,4532,Agricultural,21166.84
Agriculture Purpose Vehicle,40,20,0,52.13,2021,5,4913,2983524.0,11106,Agricultural,29670.57
Agriculture Purpose Vehicle,26,8,1,57.19,2008,18,5370,1854192.0,6817,Agricultural,26436.42
Agriculture Purpose Vehicle,21,3,0,39.72,2013,13,3364,1864694.0,2779,Agricultural,22419.75
Agriculture Purpose Vehicle,28,6,0,49.91,2017,9,2973,1473271.0,5805,Agricultural,21426.9
Agriculture Purpose Vehicle,41,22,1,30.87,2021,5,5214,2041720.0,2443,Agricultural,27372.72
Agriculture Purpose Vehicle,40,19,2,7.07,2012,14,923,585158.0,7974,Agricultural,11476.1
Agriculture Purpose Vehicle,56,34,2,38.87,2016,10,4075,950921.0,10489,Agricultural,17302.84
Agriculture Purpose Vehicle,64,45,0,27.75,2018,8,4469,2341172.0,3258,Agricultural,25465.04
Agriculture Purpose Vehicle,40,20,0,30.07,2016,10,3397,2504105.0,2481,Agricultural,26074.02
Agriculture Purpose Vehicle,65,45,0,5.5,2018,8,3980,2407260.0,4874,Agricultural,27035.27
Agriculture Purpose Vehicle,20,1,0,53.34,2019,7,2676,1278785.0,3003,Agricultural,18103.08
Agriculture Purpose Vehicle,18,0,0,43.86,2015,11,3097,1373982.0,5824,Agricultural,17238.69
Agriculture Purpose Vehicle,52,34,0,23.3,2014,12,591,288439.0,9766,Agricultural,8745.88
Agriculture Purpose Vehicle,51,29,1,44.0,2011,15,4799,2823099.0,11974,Agricultural,33529.18
Agriculture Purpose Vehicle,23,0,1,37.78,2007,19,4844,1443677.0,2564,Agricultural,22440.45
Agriculture Purpose Vehicle,35,14,1,55.31,2009,17,2536,2856228.0,1881,Agricultural,32401.24
Agriculture Purpose Vehicle,61,41,2,40.75,2011,15,742,1495084.0,8056,Agricultural,20999.45
Agriculture Purpose Vehicle,19,0,0,5.07,2020,6,5188,287141.0,5593,Agricultural,10551.17
Agriculture Purpose Vehicle,63,45,0,13.55,2019,7,3898,593609.0,10203,Agricultural,12926.62
Agriculture Purpose Vehicle,32,14,0,45.54,2020,6,4763,2667954.0,10233,Agricultural,26451.82
Agriculture Purpose Vehicle,27,7,1,50.16,2006,20,5192,1515673.0,2273,Agricultural,23977.34
Agriculture Purpose Vehicle,37,15,1,9.89,2010,16,1693,2705794.0,5916,Agricultural,31925.51
Agriculture Purpose Vehicle,57,34,0,54.73,2005,21,2378,1840544.0,9265,Agricultural,19652.42
Agriculture Purpose Vehicle,45,24,3,38.9,2019,7,1288,1905441.0,10667,Agricultural,26690.52
Agriculture Purpose Vehicle,51,31,0,20.71,2025,1,2582,1117940.0,8517,Agricultural,16969.6
Agriculture Purpose Vehicle,65,42,1,30.59,2018,8,3570,825158.0,9143,Agricultural,13050.5
Agriculture Purpose Vehicle,57,36,1,18.51,2016,10,1964,1296430.0,11212,Agricultural,17828.85
Agriculture Purpose Vehicle,52,30,0,31.66,2022,4,4620,659824.0,8416,Agricultural,14062.46
Agriculture Purpose Vehicle,26,6,1,28.41,2021,5,3016,1836241.0,11060,Agricultural,20193.93
Agriculture Purpose Vehicle,22,1,0,38.27,2010,16,4203,1328495.0,1156,Agricultural,17771.3
Agriculture Purpose Vehicle,60,42,0,24.86,2017,9,2668,2770400.0,6502,Agricultural,24805.77
Agriculture Purpose Vehicle,62,42,1,16.9,2016,10,1291,1481865.0,2371,Agricultural,18467.59
Agriculture Purpose Vehicle,53,35,0,15.28,2026,0,928,423567.0,3474,Agricultural,8107.53
Agriculture Purpose Vehicle,42,21,0,29.4,2026,0,3505,1137557.0,4133,Agricultural,14167.4
Agriculture Purpose Vehicle,51,30,1,46.66,2016,10,1931,1091516.0,8506,Agricultural,16579.2
Agriculture Purpose Vehicle,27,4,1,36.41,2016,10,1390,790150.0,1785,Agricultural,12945.57
Agriculture Purpose Vehicle,31,12,0,27.47,2010,16,3960,653267.0,8144,Agricultural,14048.28
Agriculture Purpose Vehicle,50,30,1,54.28,2009,17,2112,2079426.0,5153,Agricultural,27300.38
Agriculture Purpose Vehicle,50,30,2,22.11,2026,0,4525,766889.0,1398,Agricultural,14587.36
Agriculture Purpose Vehicle,47,28,1,51.29,2023,3,3888,348266.0,9122,Agricultural,10863.04
Agriculture Purpose Vehicle,30,10,0,36.53,2022,4,1980,1920032.0,1003,Agricultural,19771.95
Agriculture Purpose Vehicle,56,34,1,39.44,2009,17,1368,1804267.0,1561,Agricultural,20410.35
Agriculture Purpose Vehicle,31,11,0,27.46,2007,19,1728,1688064.0,7923,Agricultural,20558.38
Agriculture Purpose Vehicle,49,28,0,12.41,2007,19,2633,1018192.0,11455,Agricultural,16983.81
Agriculture Purpose Vehicle,56,37,2,23.27,2025,1,3994,556601.0,7350,Agricultural,12378.05
Agriculture Purpose Vehicle,51,33,0,25.73,2025,1,5441,2023678.0,7377,Agricultural,27268.21
Agriculture Purpose Vehicle,57,34,0,16.89,2008,18,2376,1448224.0,1617,Agricultural,18635.71
Agriculture Purpose Vehicle,18,0,1,32.03,2020,6,3428,1105757.0,3364,Agricultural,16877.49
Agriculture Purpose Vehicle,62,42,0,8.99,2015,11,1290,2001080.0,7524,Agricultural,21224.98
Agriculture Purpose Vehicle,43,20,0,49.03,2017,9,4289,439228.0,6495,Agricultural,11550.43
Agriculture Purpose Vehicle,41,23,0,33.36,2012,14,4217,2882842.0,2388,Agricultural,30449.11
Agriculture Purpose Vehicle,20,0,1,34.14,2011,15,743,1287099.0,7353,Agricultural,18171.05
Agriculture Purpose Vehicle,41,22,1,52.06,2012,14,3818,2025011.0,7212,Agricultural,23762.2
Agriculture Purpose Vehicle,29,7,0,49.2,2014,12,2810,1193789.0,8080,Agricultural,17457.57
Agriculture Purpose Vehicle,30,8,1,4.66,2021,5,1676,1791660.0,2207,Agricultural,20294.06
Agriculture Purpose Vehicle,62,39,1,20.86,2021,5,2005,1690723.0,10824,Agricultural,20717.3
Agriculture Purpose Vehicle,62,40,0,11.49,2024,2,4102,457761.0,7516,Agricultural,10765.62
Agriculture Purpose Vehicle,37,16,0,19.71,2021,5,1721,2915978.0,7980,Agricultural,29384.55
Agriculture Purpose Vehicle,20,0,1,5.71,2013,13,1196,1691627.0,4127,Agricultural,17534.48
Agriculture Purpose Vehicle,61,38,0,49.37,2021,5,3919,1404039.0,8537,Agricultural,18071.06
Agriculture Purpose Vehicle,54,33,0,9.0,2018,8,1604,2119495.0,7472,Agricultural,19852.35
Agriculture Purpose Vehicle,18,0,3,47.06,2016,10,2399,1820764.0,10904,Agricultural,24898.59
Agriculture Purpose Vehicle,23,1,1,43.05,2016,10,2219,1296270.0,9134,Agricultural,17618.06
Agriculture Purpose Vehicle,64,43,0,19.76,2009,17,3539,1704890.0,7907,Agricultural,21474.62
Agriculture Purpose Vehicle,21,0,1,3.34,2007,19,5055,573344.0,2691,Agricultural,12554.55
Agriculture Purpose Vehicle,61,43,0,59.89,2023,3,3660,2670946.0,8234,Agricultural,23956.3
Agriculture Purpose Vehicle,25,3,0,57.83,2024,2,2191,1217260.0,2871,Agricultural,16097.22
Agriculture Purpose Vehicle,34,16,0,49.72,2008,18,1627,1612689.0,9324,Agricultural,21516.84
Agriculture Purpose Vehicle,51,30,1,45.78,2011,15,1876,1197408.0,6355,Agricultural,17699.47
Agriculture Purpose Vehicle,21,0,1,15.47,2013,13,3421,733671.0,7955,Agricultural,14156.22
Agriculture Purpose Vehicle,27,5,0,50.5,2009,17,5078,1023200.0,7185,Agricultural,18609.38
Agriculture Purpose Vehicle,54,31,2,59.63,2013,13,3017,281562.0,8553,Agricultural,10879.7
Agriculture Purpose Vehicle,56,33,0,40.98,2020,6,2715,322267.0,5982,Agricultural,11224.38
Agriculture Purpose Vehicle,37,16,0,20.73,2012,14,4861,770230.0,2766,Agricultural,15787.79
Agriculture Purpose Vehicle,19,0,0,36.62,2023,3,1616,2968264.0,9510,Agricultural,27934.79
Agriculture Purpose Vehicle,61,39,0,48.94,2010,16,1445,2917892.0,7260,Agricultural,34186.09
Agriculture Purpose Vehicle,44,21,1,29.51,2008,18,4582,921344.0,2682,Agricultural,14865.31
Agriculture Purpose Vehicle,26,8,1,12.27,2009,17,2038,2864889.0,9765,Agricultural,27689.24
Agriculture Purpose Vehicle,42,23,1,48.12,2026,0,1956,1741664.0,1134,Agricultural,19528.02
Agriculture Purpose Vehicle,29,7,0,58.01,2013,13,2600,506304.0,8619,Agricultural,12399.6
Agriculture Purpose Vehicle,24,1,0,50.29,2006,20,972,2340380.0,2875,Agricultural,28629.75
Agriculture Purpose Vehicle,22,1,1,18.9,2018,8,3455,2826617.0,4355,Agricultural,30505.77
Agriculture Purpose Vehicle,59,37,1,6.55,2011,15,3006,253524.0,1606,Agricultural,10197.88
Agriculture Purpose Vehicle,50,31,0,57.69,2007,19,3270,387541.0,10592,Agricultural,12871.03
Agriculture Purpose Vehicle,53,34,0,59.94,2010,16,1757,292692.0,4997,Agricultural,10345.67
Agriculture Purpose Vehicle,30,9,1,18.94,2018,8,1250,835982.0,9298,Agricultural,12994.1
Agriculture Purpose Vehicle,37,16,0,30.7,2021,5,3490,1137345.0,5929,Agricultural,15267.04
Agriculture Purpose Vehicle,50,27,0,40.81,2022,4,961,2810729.0,6873,Agricultural,30820.27
Agriculture Purpose Vehicle,30,8,0,12.84,2023,3,5062,1187682.0,6931,Agricultural,18393.49
Agriculture Purpose Vehicle,56,34,1,55.29,2020,6,1773,1579090.0,6401,Agricultural,21493.22
Agriculture Purpose Vehicle,36,13,0,21.61,2023,3,3142,926402.0,9006,Agricultural,13902.94
Agriculture Purpose Vehicle,62,43,0,49.8,2019,7,2108,2465889.0,6149,Agricultural,24809.78
Agriculture Purpose Vehicle,25,6,0,52.33,2014,12,1117,665310.0,7346,Agricultural,11666.9
Agriculture Purpose Vehicle,39,19,1,34.0,2006,20,3844,2295853.0,3883,Agricultural,29584.98
Agriculture Purpose Vehicle,36,15,2,25.35,2009,17,4347,2475124.0,1592,Agricultural,28078.73
Agriculture Purpose Vehicle,44,22,0,34.86,2016,10,3935,2711541.0,6528,Agricultural,29659.33
Agriculture Purpose Vehicle,58,35,1,18.47,2014,12,1705,2608222.0,5294,Agricultural,27836.07
Agriculture Purpose Vehicle,32,10,1,47.58,2013,13,1052,2096947.0,9113,Agricultural,27507.39
Agriculture Purpose Vehicle,64,45,0,58.87,2022,4,4342,2283573.0,11817,Agricultural,30377.87
Agriculture Purpose Vehicle,45,22,0,58.12,2005,21,809,894559.0,8653,Agricultural,16259.75
Agriculture Purpose Vehicle,23,1,0,55.81,2008,18,1581,936454.0,8921,Agricultural,13792.94
Agriculture Purpose Vehicle,59,36,0,53.56,2013,13,4298,1637593.0,3429,Agricultural,21331.1
Agriculture Purpose Vehicle,53,33,0,5.23,2021,5,3023,319587.0,2794,Agricultural,9256.21
Agriculture Purpose Vehicle,29,6,1,29.99,2022,4,4812,2387267.0,4435,Agricultural,27596.94
Agriculture Purpose Vehicle,19,1,0,42.66,2025,1,1290,1421727.0,11767,Agricultural,18164.8
Agriculture Purpose Vehicle,61,43,0,48.61,2015,11,2646,1069807.0,2261,Agricultural,17616.49
Agriculture Purpose Vehicle,31,9,0,7.75,2023,3,4932,1722222.0,9909,Agricultural,18868.36
Agriculture Purpose Vehicle,53,30,0,8.64,2010,16,2394,1448482.0,3219,Agricultural,19482.27
Agriculture Purpose Vehicle,62,43,2,11.27,2008,18,5107,1914059.0,9809,Agricultural,28888.18
Agriculture Purpose Vehicle,43,21,0,42.52,2018,8,4508,1118292.0,5659,Agricultural,18257.09
Agriculture Purpose Vehicle,55,34,1,24.33,2022,4,1282,1006031.0,8496,Agricultural,14634.29
Agriculture Purpose Vehicle,51,28,2,57.93,2016,10,2632,381011.0,4598,Agricultural,10283.66
Agriculture Purpose Vehicle,58,39,0,26.75,2020,6,4468,1618560.0,9806,Agricultural,19984.81
Agriculture Purpose Vehicle,20,0,0,26.73,2016,10,549,1907553.0,3142,Agricultural,18621.43
Agriculture Purpose Vehicle,39,20,0,50.08,2022,4,1104,2771154.0,10987,Agricultural,34097.62
Agriculture Purpose Vehicle,34,15,1,10.79,2023,3,823,2228837.0,1117,Agricultural,22097.66
Agriculture Purpose Vehicle,35,13,1,26.65,2005,21,4982,950167.0,7007,Agricultural,16793.42
Agriculture Purpose Vehicle,37,18,0,13.04,2024,2,2783,1739600.0,4508,Agricultural,20758.2
Agriculture Purpose Vehicle,20,2,0,29.38,2009,17,1497,2087368.0,3661,Agricultural,21408.38
Agriculture Purpose Vehicle,36,16,0,36.5,2010,16,4130,1429238.0,11541,Agricultural,19384.04
Agriculture Purpose Vehicle,38,15,0,34.15,2013,13,4046,2823627.0,10721,Agricultural,32034.52
Agriculture Purpose Vehicle,48,27,0,45.47,2006,20,3588,2835631.0,6017,Agricultural,33745.94
Agriculture Purpose Vehicle,27,9,0,46.58,2014,12,5364,2454039.0,11309,Agricultural,33290.15
Agriculture Purpose Vehicle,20,0,1,52.97,2012,14,670,2964063.0,7877,Agricultural,32050.99
Agriculture Purpose Vehicle,52,29,0,59.6,2021,5,2956,1284262.0,6768,Agricultural,20255.93
Agriculture Purpose Vehicle,62,42,1,53.7,2007,19,803,2055581.0,11895,Agricultural,27579.94
Agriculture Purpose Vehicle,64,41,0,10.55,2011,15,5369,722827.0,2202,Agricultural,13293.28
Agriculture Purpose Vehicle,65,45,1,9.53,2014,12,5436,1230111.0,1154,Agricultural,18298.61
Agriculture Purpose Vehicle,65,44,2,23.92,2009,17,5169,747080.0,5786,Agricultural,14582.97
Agriculture Purpose Vehicle,28,8,0,33.23,2017,9,4294,1078126.0,1911,Agricultural,17056.48
Agriculture Purpose Vehicle,35,15,0,31.61,2012,14,3418,1403333.0,4853,Agricultural,20771.8
Agriculture Purpose Vehicle,39,20,1,35.69,2018,8,3127,1861086.0,6178,Agricultural,26502.49
Agriculture Purpose Vehicle,53,32,1,36.32,2013,13,3789,1875776.0,4159,Agricultural,25551.06
Agriculture Purpose Vehicle,25,4,0,48.84,2015,11,4000,2855622.0,1386,Agricultural,28788.57
Agriculture Purpose Vehicle,20,0,1,18.22,2022,4,3060,1669761.0,1891,Agricultural,19800.38
Agriculture Purpose Vehicle,61,39,1,57.55,2014,12,1034,1002693.0,6076,Agricultural,14977.68
Agriculture Purpose Vehicle,32,12,0,24.09,2019,7,2714,1941186.0,10272,Agricultural,22395.89
Agriculture Purpose Vehicle,58,38,0,27.56,2024,2,2361,2372260.0,11170,Agricultural,27025.41
Agriculture Purpose Vehicle,26,5,1,30.42,2011,15,2345,2686028.0,11209,Agricultural,27178.05
Agriculture Purpose Vehicle,60,37,0,34.43,2020,6,2293,2296689.0,4609,Agricultural,26533.64
Agriculture Purpose Vehicle,32,12,1,26.41,2005,21,1151,2335368.0,3171,Agricultural,25412.29
Agriculture Purpose Vehicle,31,12,0,7.68,2022,4,3881,602569.0,9826,Agricultural,14317.23
Agriculture Purpose Vehicle,59,40,1,37.42,2022,4,4964,2686454.0,9464,Agricultural,31134.42
Agriculture Purpose Vehicle,50,27,0,5.46,2024,2,857,2833075.0,1197,Agricultural,33785.46
Agriculture Purpose Vehicle,64,45,0,27.55,2016,10,3707,1544728.0,4709,Agricultural,25343.72
Agriculture Purpose Vehicle,56,36,0,18.14,2010,16,1820,1264973.0,9310,Agricultural,18081.78
Agriculture Purpose Vehicle,56,36,0,42.17,2010,16,5138,588727.0,10115,Agricultural,14902.86
Agriculture Purpose Vehicle,52,34,1,10.41,2008,18,1039,2874844.0,4688,Agricultural,32618.96
Agriculture Purpose Vehicle,53,30,2,34.19,2014,12,4936,2877902.0,3276,Agricultural,31899.38
Agriculture Purpose Vehicle,42,23,0,42.03,2021,5,4820,1609815.0,11295,Agricultural,23519.56
Agriculture Purpose Vehicle,50,27,0,13.26,2010,16,3330,1167481.0,8268,Agricultural,17312.85
Agriculture Purpose Vehicle,37,15,0,11.83,2008,18,4118,1684478.0,5065,Agricultural,20243.64
Agriculture Purpose Vehicle,65,45,0,49.68,2024,2,4604,396895.0,5679,Agricultural,13327.43
Agriculture Purpose Vehicle,56,37,1,43.65,2005,21,813,1281490.0,7277,Agricultural,20255.62
Agriculture Purpose Vehicle,30,9,2,39.51,2009,17,3235,503455.0,11756,Agricultural,15522.93
Agriculture Purpose Vehicle,57,38,0,7.28,2009,17,1451,2063533.0,4655,Agricultural,23235.04
Agriculture Purpose Vehicle,44,24,1,50.24,2012,14,2794,1432381.0,2312,Agricultural,19437.74
Agriculture Purpose Vehicle,61,39,0,3.35,2006,20,1071,1417188.0,2285,Agricultural,17050.0
Agriculture Purpose Vehicle,58,38,0,35.0,2015,11,2183,1650589.0,7051,Agricultural,22017.51
Agriculture Purpose Vehicle,34,14,1,20.83,2012,14,5443,2758084.0,5473,Agricultural,30116.77
Agriculture Purpose Vehicle,56,37,2,30.02,2025,1,4999,1094204.0,8969,Agricultural,18121.52
Agriculture Purpose Vehicle,64,42,2,25.16,2025,1,2574,2669591.0,3194,Agricultural,26787.05
Agriculture Purpose Vehicle,59,40,1,13.08,2019,7,1946,2732663.0,11486,Agricultural,27920.62
Agriculture Purpose Vehicle,34,12,0,40.47,2009,17,4866,1602162.0,1422,Agricultural,20816.51
Agriculture Purpose Vehicle,42,19,0,53.49,2012,14,726,803415.0,7995,Agricultural,16521.61
Agriculture Purpose Vehicle,29,7,0,19.79,2017,9,4430,1701506.0,7136,Agricultural,23353.25
Agriculture Purpose Vehicle,61,41,0,57.03,2025,1,5493,2976694.0,10971,Agricultural,28225.91
Agriculture Purpose Vehicle,31,8,1,12.56,2025,1,2513,426582.0,6770,Agricultural,10772.27
Agriculture Purpose Vehicle,35,17,1,53.08,2020,6,2656,801005.0,5856,Agricultural,12249.69
Agriculture Purpose Vehicle,27,9,0,19.07,2005,21,4279,1386509.0,6074,Agricultural,22327.09
Agriculture Purpose Vehicle,21,1,1,19.92,2020,6,4209,2172320.0,5322,Agricultural,27480.62
Agriculture Purpose Vehicle,51,30,0,44.15,2007,19,3237,1547147.0,6998,Agricultural,18364.27
Agriculture Purpose Vehicle,47,24,1,9.73,2006,20,3033,632320.0,5587,Agricultural,14178.34
Agriculture Purpose Vehicle,42,19,1,47.98,2022,4,2453,2786756.0,11631,Agricultural,31818.58
Agriculture Purpose Vehicle,26,7,1,9.66,2026,0,5356,2562547.0,2048,Agricultural,26404.7
Agriculture Purpose Vehicle,43,20,0,58.8,2025,1,1819,1443887.0,4254,Agricultural,17340.86
Agriculture Purpose Vehicle,53,35,4,26.05,2022,4,2770,256594.0,6552,Agricultural,10127.34
Agriculture Purpose Vehicle,51,32,0,13.4,2011,15,571,1812128.0,9697,Agricultural,20332.14
Agriculture Purpose Vehicle,50,29,0,37.59,2011,15,3601,846186.0,11536,Agricultural,17618.69
Agriculture Purpose Vehicle,24,5,3,12.78,2025,1,1230,2396124.0,5806,Agricultural,29618.88
Agriculture Purpose Vehicle,37,15,0,12.33,2012,14,5053,2130657.0,11163,Agricultural,26832.51
Agriculture Purpose Vehicle,60,42,1,58.91,2014,12,4462,2054212.0,9710,Agricultural,24956.99
Agriculture Purpose Vehicle,42,19,0,5.65,2005,21,4204,1478151.0,8795,Agricultural,20004.95
Agriculture Purpose Vehicle,55,37,0,8.87,2019,7,567,1576609.0,11931,Agricultural,15284.98
Agriculture Purpose Vehicle,43,25,1,39.55,2020,6,1954,703813.0,8172,Agricultural,13669.48
Agriculture Purpose Vehicle,47,24,1,38.32,2011,15,1262,2342661.0,11303,Agricultural,27773.33
Agriculture Purpose Vehicle,42,21,2,31.46,2013,13,4949,505820.0,5837,Agricultural,14157.25
Agriculture Purpose Vehicle,33,10,1,12.53,2019,7,3092,1778824.0,11493,Agricultural,22118.8
Agriculture Purpose Vehicle,43,22,1,9.11,2025,1,5190,657591.0,6469,Agricultural,10908.54
Agriculture Purpose Vehicle,40,17,0,47.14,2017,9,3015,529269.0,8790,Agricultural,11429.74
Agriculture Purpose Vehicle,55,37,1,37.5,2006,20,5291,2184315.0,1723,Agricultural,24636.1
Agriculture Purpose Vehicle,34,14,2,42.02,2023,3,4891,615599.0,2857,Agricultural,13959.96
Agriculture Purpose Vehicle,60,42,1,37.27,2020,6,2677,1386659.0,7521,Agricultural,19998.67
Agriculture Purpose Vehicle,37,17,0,4.6,2016,10,5436,1855634.0,8558,Agricultural,22538.91
Agriculture Purpose Vehicle,40,17,0,42.91,2024,2,3468,2958153.0,10593,Agricultural,31610.31
Agriculture Purpose Vehicle,58,35,3,13.91,2009,17,2531,411612.0,6687,Agricultural,10762.78
Agriculture Purpose Vehicle,63,45,0,37.62,2021,5,4348,357039.0,7978,Agricultural,12795.17
Agriculture Purpose Vehicle,22,4,0,26.56,2008,18,1555,411181.0,5171,Agricultural,11456.93
Agriculture Purpose Vehicle,29,7,0,8.02,2016,10,5045,1049103.0,5704,Agricultural,16969.5
Agriculture Purpose Vehicle,41,19,0,37.1,2013,13,5105,1610559.0,2559,Agricultural,22015.87
Agriculture Purpose Vehicle,18,0,0,23.78,2008,18,3096,1667699.0,2225,Agricultural,21586.48
Agriculture Purpose Vehicle,35,16,0,47.76,2022,4,3500,1233528.0,5906,Agricultural,15340.86
Agriculture Purpose Vehicle,58,35,0,48.74,2005,21,2712,2782102.0,5448,Agricultural,32537.41
Agriculture Purpose Vehicle,53,30,1,7.89,2015,11,4824,2230372.0,9879,Agricultural,27386.91
Agriculture Purpose Vehicle,34,12,2,31.18,2017,9,5072,1597825.0,6551,Agricultural,20347.66
Agriculture Purpose Vehicle,58,38,1,39.86,2007,19,5040,431395.0,7911,Agricultural,15973.72
Agriculture Purpose Vehicle,27,6,0,18.51,2019,7,5469,533915.0,9676,Agricultural,13480.67
Agriculture Purpose Vehicle,47,28,0,40.4,2026,0,2018,355949.0,11530,Agricultural,8992.54
Agriculture Purpose Vehicle,57,37,0,14.31,2020,6,1854,755372.0,8321,Agricultural,13722.7
Agriculture Purpose Vehicle,58,38,1,14.1,2016,10,1067,1435856.0,6833,Agricultural,17403.66
Agriculture Purpose Vehicle,45,25,0,8.97,2023,3,1743,2786126.0,4690,Agricultural,26328.69
Agriculture Purpose Vehicle,38,18,1,21.37,2018,8,1156,2184147.0,10238,Agricultural,23918.9
Agriculture Purpose Vehicle,53,32,2,59.83,2006,20,5088,946362.0,3784,Agricultural,19040.89
Agriculture Purpose Vehicle,56,33,2,48.19,2005,21,2829,1720323.0,6438,Agricultural,22685.63
Agriculture Purpose Vehicle,36,13,2,29.56,2019,7,1165,777011.0,11180,Agricultural,13435.62
Agriculture Purpose Vehicle,44,25,1,44.75,2006,20,5320,682764.0,5657,Agricultural,15242.06
Agriculture Purpose Vehicle,32,11,0,3.09,2010,16,901,1281796.0,2058,Agricultural,15316.93
Agriculture Purpose Vehicle,18,0,3,21.58,2026,0,2829,1535090.0,6036,Agricultural,20210.67
Agriculture Purpose Vehicle,46,23,1,19.41,2022,4,2096,597426.0,9818,Agricultural,11699.36
Agriculture Purpose Vehicle,19,0,1,21.36,2007,19,4401,288095.0,4484,Agricultural,12071.88
Agriculture Purpose Vehicle,21,0,1,37.43,2024,2,3612,2677280.0,9698,Agricultural,33001.31
Agriculture Purpose Vehicle,51,28,1,26.22,2021,5,1485,2373590.0,4945,Agricultural,24694.24
Agriculture Purpose Vehicle,50,30,0,5.49,2025,1,3162,252283.0,6687,Agricultural,7257.61
Agriculture Purpose Vehicle,50,32,0,12.92,2008,18,2498,1895750.0,9103,Agricultural,21403.19
Agriculture Purpose Vehicle,52,33,0,16.66,2020,6,593,309692.0,2411,Agricultural,7830.9
Agriculture Purpose Vehicle,51,30,1,34.82,2021,5,772,379748.0,9575,Agricultural,10601.71
Agriculture Purpose Vehicle,64,44,1,33.83,2026,0,1319,2789516.0,1853,Agricultural,25791.52
Agriculture Purpose Vehicle,23,2,1,29.11,2008,18,4723,2734606.0,9371,Agricultural,35053.53
Agriculture Purpose Vehicle,32,12,0,3.32,2025,1,1676,2236602.0,11521,Agricultural,24342.71
Agriculture Purpose Vehicle,43,23,0,29.89,2007,19,1289,2070848.0,4296,Agricultural,22575.07
Agriculture Purpose Vehicle,36,18,1,38.88,2020,6,1807,805969.0,9583,Agricultural,12885.57
Agriculture Purpose Vehicle,49,31,1,13.26,2023,3,4963,901657.0,2213,Agricultural,15107.01
Agriculture Purpose Vehicle,57,35,0,3.36,2018,8,4550,1872541.0,2820,Agricultural,22326.0
Agriculture Purpose Vehicle,51,32,1,54.66,2006,20,4473,1690513.0,10730,Agricultural,25319.05
Agriculture Purpose Vehicle,27,9,1,57.63,2014,12,4104,2334204.0,9160,Agricultural,27178.45
Agriculture Purpose Vehicle,18,0,2,59.42,2021,5,1140,1754705.0,6186,Agricultural,19782.12
Agriculture Purpose Vehicle,21,2,0,46.36,2026,0,5410,2786549.0,6694,Agricultural,30859.6
Agriculture Purpose Vehicle,52,33,0,9.99,2013,13,3681,1044691.0,5974,Agricultural,16608.14
Agriculture Purpose Vehicle,58,36,0,20.68,2012,14,2560,752987.0,11091,Agricultural,14510.93
Agriculture Purpose Vehicle,63,42,2,29.44,2023,3,5246,2503454.0,8947,Agricultural,26575.19
Agriculture Purpose Vehicle,20,1,2,6.68,2017,9,2861,2434447.0,2569,Agricultural,22059.45
Agriculture Purpose Vehicle,57,35,3,22.19,2013,13,3395,286389.0,7007,Agricultural,11130.42
Agriculture Purpose Vehicle,46,27,0,25.05,2015,11,2921,2230085.0,10518,Agricultural,20665.44
Agriculture Purpose Vehicle,44,24,0,39.72,2015,11,5140,1085505.0,3037,Agricultural,16364.9
Agriculture Purpose Vehicle,64,43,0,43.92,2026,0,3486,2981179.0,8139,Agricultural,31600.62
Agriculture Purpose Vehicle,32,11,0,42.89,2015,11,596,1568418.0,11274,Agricultural,17027.92
Agriculture Purpose Vehicle,62,40,1,38.95,2026,0,4572,1896891.0,2059,Agricultural,23311.22
Agriculture Purpose Vehicle,24,6,0,34.95,2006,20,683,2094554.0,3423,Agricultural,23854.78
Agriculture Purpose Vehicle,56,35,0,20.47,2016,10,3907,2690312.0,8716,Agricultural,30105.11
Agriculture Purpose Vehicle,19,0,1,11.51,2012,14,2099,465106.0,1009,Agricultural,9626.48
Agriculture Purpose Vehicle,41,21,0,51.09,2017,9,3643,1343287.0,11268,Agricultural,18470.35
Agriculture Purpose Vehicle,41,18,0,55.57,2019,7,5028,1034825.0,9788,Agricultural,17769.79
Agriculture Purpose Vehicle,48,30,1,23.22,2010,16,4601,1777679.0,8553,Agricultural,22738.27
Agriculture Purpose Vehicle,21,0,1,51.06,2020,6,3404,2208971.0,8883,Agricultural,26492.33
Agriculture Purpose Vehicle,19,0,0,30.53,2012,14,5152,2736435.0,5054,Agricultural,27731.65
Agriculture Purpose Vehicle,30,8,1,55.46,2024,2,3838,1551879.0,1881,Agricultural,19368.34
Agriculture Purpose Vehicle,43,24,1,3.46,2018,8,3678,254121.0,6015,Agricultural,8520.06
Agriculture Purpose Vehicle,49,26,1,4.03,2026,0,4297,1235018.0,5264,Agricultural,15846.44
Agriculture Purpose Vehicle,42,19,0,37.34,2013,13,5313,1153764.0,8655,Agricultural,19203.98
Agriculture Purpose Vehicle,61,43,0,5.34,2010,16,2457,2735376.0,1111,Agricultural,31824.89
Agriculture Purpose Vehicle,31,13,0,22.62,2025,1,1742,751860.0,10888,Agricultural,12674.87
Agriculture Purpose Vehicle,26,4,1,11.77,2010,16,1722,1650695.0,10602,Agricultural,19460.05
Agriculture Purpose Vehicle,28,10,1,51.28,2026,0,2622,1155697.0,2308,Agricultural,16660.46
Agriculture Purpose Vehicle,53,32,0,38.26,2013,13,4669,1893114.0,9484,Agricultural,28866.67
Agriculture Purpose Vehicle,51,29,1,44.54,2008,18,3525,2031767.0,3189,Agricultural,25652.0
Agriculture Purpose Vehicle,41,22,0,51.28,2005,21,570,867716.0,2083,Agricultural,11759.47
Agriculture Purpose Vehicle,32,14,0,18.32,2021,5,4803,722579.0,5335,Agricultural,12250.94
Agriculture Purpose Vehicle,41,23,0,24.75,2015,11,2524,481343.0,4814,Agricultural,11306.41
Agriculture Purpose Vehicle,50,28,0,16.87,2021,5,3307,2930077.0,3122,Agricultural,32677.15
Agriculture Purpose Vehicle,18,0,1,26.32,2013,13,4367,470247.0,11565,Agricultural,12592.64
Agriculture Purpose Vehicle,27,8,1,43.2,2017,9,557,1042921.0,10741,Agricultural,14284.01
Agriculture Purpose Vehicle,49,31,0,58.45,2017,9,2547,381334.0,10402,Agricultural,10654.01
Agriculture Purpose Vehicle,59,37,1,9.85,2016,10,3243,2959912.0,4811,Agricultural,28911.33
Agriculture Purpose Vehicle,21,1,0,19.24,2008,18,3877,2857385.0,8218,Agricultural,32312.94
Agriculture Purpose Vehicle,61,43,0,19.28,2016,10,4064,779380.0,10667,Agricultural,13103.83
Agriculture Purpose Vehicle,39,20,0,30.64,2005,21,2132,514834.0,3970,Agricultural,13539.5
Agriculture Purpose Vehicle,43,24,0,6.02,2022,4,3485,2545469.0,3248,Agricultural,25587.69
Agriculture Purpose Vehicle,34,11,1,21.21,2015,11,1157,2357514.0,7120,Agricultural,27049.88
Agriculture Purpose Vehicle,57,39,3,29.23,2008,18,1763,1470758.0,11886,Agricultural,17490.32
Agriculture Purpose Vehicle,65,45,1,21.85,2013,13,2422,1471407.0,10866,Agricultural,21520.63
Agriculture Purpose Vehicle,47,29,0,3.13,2021,5,1622,727120.0,9746,Agricultural,11101.08
Agriculture Purpose Vehicle,29,8,0,6.39,2019,7,3923,761605.0,5375,Agricultural,12543.06
Agriculture Purpose Vehicle,34,15,1,5.75,2006,20,2243,2884416.0,5412,Agricultural,27742.38
Agriculture Purpose Vehicle,62,41,3,9.24,2026,0,614,1190581.0,1187,Agricultural,14501.96
Agriculture Purpose Vehicle,35,14,2,4.42,2012,14,3653,1568120.0,2640,Agricultural,19524.09
Agriculture Purpose Vehicle,31,9,0,36.31,2009,17,1754,257715.0,6285,Agricultural,9405.09
Agriculture Purpose Vehicle,50,27,0,57.37,2016,10,2459,559080.0,2364,Agricultural,12154.55
Agriculture Purpose Vehicle,34,13,0,29.59,2008,18,5324,516576.0,3811,Agricultural,15284.24
Agriculture Purpose Vehicle,62,42,0,23.63,2017,9,4134,1941072.0,3947,Agricultural,20766.48
Agriculture Purpose Vehicle,51,28,0,26.91,2024,2,844,1911940.0,8259,Agricultural,21674.97
Agriculture Purpose Vehicle,33,10,1,22.85,2016,10,4173,2382570.0,3005,Agricultural,28552.61
Agriculture Purpose Vehicle,30,7,1,23.9,2023,3,4111,2410152.0,1353,Agricultural,26199.83
Agriculture Purpose Vehicle,26,6,0,29.03,2022,4,1542,347266.0,4264,Agricultural,10047.68
Agriculture Purpose Vehicle,26,8,2,42.94,2011,15,1208,2207329.0,9636,Agricultural,26945.98
Agriculture Purpose Vehicle,61,40,0,55.09,2019,7,1835,1876256.0,10386,Agricultural,23729.34
Agriculture Purpose Vehicle,51,32,1,16.04,2007,19,3343,2359070.0,7351,Agricultural,30332.07
Agriculture Purpose Vehicle,24,5,0,21.83,2012,14,2557,2818506.0,7860,Agricultural,28718.74
Agriculture Purpose Vehicle,26,5,0,18.78,2019,7,1030,1005377.0,6928,Agricultural,14383.01
Agriculture Purpose Vehicle,62,39,0,50.28,2017,9,820,478495.0,5829,Agricultural,10819.82
Agriculture Purpose Vehicle,55,32,2,43.36,2015,11,2484,2337658.0,7731,Agricultural,23040.96
Agriculture Purpose Vehicle,25,3,0,29.1,2006,20,4319,561839.0,3478,Agricultural,12220.52
Agriculture Purpose Vehicle,55,34,2,13.65,2018,8,1742,709709.0,2815,Agricultural,12608.73
Agriculture Purpose Vehicle,18,0,1,17.12,2008,18,2168,1099386.0,1332,Agricultural,14540.64
Agriculture Purpose Vehicle,40,21,1,26.65,2024,2,3676,2940142.0,3200,Agricultural,27132.45
Agriculture Purpose Vehicle,55,33,2,10.2,2019,7,4501,2878937.0,4264,Agricultural,28653.65
Agriculture Purpose Vehicle,52,34,0,8.99,2014,12,4542,2825558.0,7541,Agricultural,30582.6
Agriculture Purpose Vehicle,61,39,2,29.19,2013,13,3759,445815.0,9343,Agricultural,12517.74
Agriculture Purpose Vehicle,55,37,0,25.13,2017,9,1321,2258936.0,10702,Agricultural,22362.95
Agriculture Purpose Vehicle,58,37,0,10.08,2018,8,4318,568695.0,2797,Agricultural,13212.87
Agriculture Purpose Vehicle,40,20,0,13.34,2015,11,3086,1813556.0,2376,Agricultural,23153.33
Agriculture Purpose Vehicle,61,41,0,9.55,2022,4,4437,1345103.0,7889,Agricultural,19574.81
Agriculture Purpose Vehicle,55,34,0,48.42,2010,16,1525,1824746.0,4749,Agricultural,21673.53
Agriculture Purpose Vehicle,30,11,1,20.46,2024,2,4480,1717029.0,4461,Agricultural,22353.57
Agriculture Purpose Vehicle,44,25,3,37.93,2009,17,2148,362309.0,7675,Agricultural,11726.17
Agriculture Purpose Vehicle,56,38,0,58.71,2006,20,4812,2776113.0,11535,Agricultural,35842.74
Agriculture Purpose Vehicle,58,38,1,57.37,2009,17,1553,333363.0,5203,Agricultural,10634.87
Agriculture Purpose Vehicle,64,43,0,23.58,2019,7,4601,2932681.0,8467,Agricultural,31304.66
Agriculture Purpose Vehicle,47,29,0,22.83,2020,6,4185,256649.0,11995,Agricultural,10887.86
Agriculture Purpose Vehicle,33,11,1,38.72,2017,9,676,2995419.0,3423,Agricultural,31632.06
Agriculture Purpose Vehicle,50,28,1,27.61,2008,18,5441,1218641.0,9352,Agricultural,20741.37
Agriculture Purpose Vehicle,60,42,0,6.21,2015,11,1607,2835274.0,5428,Agricultural,25788.75
Agriculture Purpose Vehicle,37,15,0,15.66,2012,14,1474,2407612.0,10193,Agricultural,27113.38
Agriculture Purpose Vehicle,58,35,2,26.71,2005,21,4322,809222.0,8197,Agricultural,17118.33
Agriculture Purpose Vehicle,25,4,0,29.06,2019,7,3705,1567575.0,8032,Agricultural,19648.6
Agriculture Purpose Vehicle,31,8,0,49.61,2008,18,4759,1466744.0,11500,Agricultural,19591.84
Agriculture Purpose Vehicle,37,14,1,22.14,2026,0,4875,2966224.0,7721,Agricultural,27827.41
Agriculture Purpose Vehicle,48,28,0,40.34,2022,4,4796,944181.0,3081,Agricultural,13401.66
Agriculture Purpose Vehicle,28,5,0,51.07,2023,3,2843,1520469.0,4741,Agricultural,18049.99
Agriculture Purpose Vehicle,39,20,0,51.55,2008,18,3351,1486020.0,2373,Agricultural,22232.16
Agriculture Purpose Vehicle,19,0,0,37.87,2017,9,3430,2266285.0,1132,Agricultural,24318.11
Agriculture Purpose Vehicle,51,30,0,9.93,2024,2,1810,1144312.0,11809,Agricultural,16329.09
Agriculture Purpose Vehicle,61,38,0,35.55,2019,7,4139,2709340.0,3581,Agricultural,32354.64
Agriculture Purpose Vehicle,56,36,0,9.22,2014,12,5464,824423.0,3347,Agricultural,15004.17
Agriculture Purpose Vehicle,40,18,0,47.07,2021,5,4274,2479267.0,2213,Agricultural,28149.1
Agriculture Purpose Vehicle,25,5,2,53.35,2010,16,3573,1794795.0,8046,Agricultural,27714.16
Agriculture Purpose Vehicle,64,45,1,34.33,2008,18,4749,1479431.0,11261,Agricultural,20134.26
Agriculture Purpose Vehicle,41,22,0,28.44,2012,14,2723,296403.0,11980,Agricultural,9787.25
Agriculture Purpose Vehicle,54,36,1,37.79,2011,15,5201,2992174.0,4802,Agricultural,33432.34
Agriculture Purpose Vehicle,20,0,0,26.47,2005,21,587,2627176.0,1424,Agricultural,25426.22
Agriculture Purpose Vehicle,60,39,1,21.79,2014,12,3713,2221436.0,6857,Agricultural,30931.88
Agriculture Purpose Vehicle,32,11,1,16.25,2013,13,787,2063867.0,3452,Agricultural,20181.32
Agriculture Purpose Vehicle,37,19,0,14.54,2023,3,3062,949292.0,7278,Agricultural,14979.25
Agriculture Purpose Vehicle,53,31,1,12.07,2007,19,515,2338092.0,2266,Agricultural,26584.94
Agriculture Purpose Vehicle,65,43,0,25.64,2009,17,1856,1611964.0,5158,Agricultural,19978.84
Agriculture Purpose Vehicle,40,18,0,40.68,2017,9,904,355855.0,6693,Agricultural,8971.95
Agriculture Purpose Vehicle,19,0,1,54.85,2013,13,4820,2096357.0,6441,Agricultural,29553.57
Agriculture Purpose Vehicle,36,15,0,31.78,2024,2,2769,2737351.0,8928,Agricultural,27543.52
Agriculture Purpose Vehicle,29,6,0,3.32,2008,18,3772,560717.0,5265,Agricultural,12391.86
Agriculture Purpose Vehicle,24,1,1,17.24,2009,17,5189,731138.0,5261,Agricultural,15899.24
Agriculture Purpose Vehicle,63,44,2,17.42,2015,11,2414,2142459.0,8269,Agricultural,24484.61
Agriculture Purpose Vehicle,63,44,1,5.43,2019,7,4992,2916784.0,5151,Agricultural,28893.34
Agriculture Purpose Vehicle,44,25,0,47.51,2006,20,4095,2895721.0,8121,Agricultural,35724.2
Agriculture Purpose Vehicle,24,6,0,59.53,2020,6,4464,871587.0,9867,Agricultural,17001.34
Agriculture Purpose Vehicle,48,29,0,17.25,2026,0,4543,2260983.0,5859,Agricultural,22775.33
Agriculture Purpose Vehicle,63,44,0,31.91,2012,14,3684,2210138.0,8675,Agricultural,24048.39
Agriculture Purpose Vehicle,63,45,0,16.35,2012,14,2370,594095.0,2424,Agricultural,12652.31
Agriculture Purpose Vehicle,46,28,2,39.14,2019,7,602,2813419.0,7878,Agricultural,28164.79
Agriculture Purpose Vehicle,30,12,0,52.16,2007,19,5484,2282413.0,10440,Agricultural,28928.67
Agriculture Purpose Vehicle,46,23,0,52.66,2022,4,1831,2800901.0,7164,Agricultural,29968.41
Agriculture Purpose Vehicle,52,32,1,6.13,2008,18,1406,742544.0,4826,Agricultural,13847.51
Agriculture Purpose Vehicle,39,17,0,47.13,2011,15,1829,2066656.0,7115,Agricultural,24965.52
Agriculture Purpose Vehicle,30,9,0,45.62,2011,15,2973,2723744.0,6533,Agricultural,31385.68
Agriculture Purpose Vehicle,52,32,0,30.73,2022,4,4827,2372194.0,3151,Agricultural,26122.18
Agriculture Purpose Vehicle,52,29,0,24.3,2016,10,4010,2208333.0,6738,Agricultural,27161.64
Agriculture Purpose Vehicle,41,20,2,33.28,2007,19,5157,1188361.0,4266,Agricultural,20306.1
Agriculture Purpose Vehicle,35,12,2,54.29,2016,10,2561,2970884.0,3477,Agricultural,31975.02
Agriculture Purpose Vehicle,60,38,1,13.97,2014,12,5048,2865957.0,6094,Agricultural,30762.84
Agriculture Purpose Vehicle,36,14,1,58.74,2008,18,1796,1978335.0,4395,Agricultural,24551.54
Agriculture Purpose Vehicle,28,7,1,49.92,2011,15,1205,927569.0,6088,Agricultural,15568.7
Agriculture Purpose Vehicle,48,30,0,43.81,2017,9,5121,266708.0,11698,Agricultural,11982.45
Agriculture Purpose Vehicle,64,44,0,45.7,2013,13,4498,1049006.0,6282,Agricultural,19480.27
Agriculture Purpose Vehicle,55,37,1,14.19,2019,7,1461,251643.0,9006,Agricultural,8705.63
Agriculture Purpose Vehicle,48,25,0,27.49,2009,17,4140,1589130.0,8385,Agricultural,18988.78
Agriculture Purpose Vehicle,46,23,0,20.41,2007,19,4495,656538.0,5037,Agricultural,14311.68
Agriculture Purpose Vehicle,40,21,3,15.2,2018,8,5324,2379196.0,9664,Agricultural,33775.98
Agriculture Purpose Vehicle,33,12,1,19.42,2014,12,5184,1468531.0,9838,Agricultural,21328.7
Agriculture Purpose Vehicle,56,34,1,27.42,2008,18,4569,388397.0,8416,Agricultural,11213.71
Agriculture Purpose Vehicle,38,18,0,42.78,2020,6,4812,1662594.0,7258,Agricultural,25234.93
Agriculture Purpose Vehicle,19,0,1,49.57,2024,2,3667,2653667.0,4950,Agricultural,29968.81
Agriculture Purpose Vehicle,30,11,1,25.33,2018,8,836,342936.0,6559,Agricultural,9542.02
Agriculture Purpose Vehicle,44,24,1,40.87,2024,2,1384,1892941.0,2036,Agricultural,20572.0
Agriculture Purpose Vehicle,65,45,2,21.3,2016,10,3922,2536322.0,2598,Agricultural,26618.56
Agriculture Purpose Vehicle,62,43,0,56.95,2012,14,4290,1987611.0,10120,Agricultural,25705.47
Agriculture Purpose Vehicle,38,16,0,8.57,2012,14,549,1163459.0,9195,Agricultural,16723.79
Agriculture Purpose Vehicle,47,29,0,49.82,2016,10,2721,1406831.0,1590,Agricultural,19609.05
Agriculture Purpose Vehicle,37,17,1,15.21,2017,9,2295,1196624.0,1736,Agricultural,14108.2
Agriculture Purpose Vehicle,43,23,1,38.41,2024,2,4637,1851477.0,10872,Agricultural,24865.63
Agriculture Purpose Vehicle,20,2,0,40.76,2009,17,3639,1473720.0,1102,Agricultural,21393.19
Agriculture Purpose Vehicle,45,25,0,38.63,2017,9,1742,2673978.0,5396,Agricultural,29085.04
Agriculture Purpose Vehicle,45,25,2,55.17,2013,13,4933,1129029.0,8982,Agricultural,22078.13
Agriculture Purpose Vehicle,22,3,1,56.22,2024,2,4956,926275.0,4045,Agricultural,15390.99
Agriculture Purpose Vehicle,26,7,0,6.88,2020,6,654,1669747.0,10528,Agricultural,20554.33
Agriculture Purpose Vehicle,42,21,0,33.02,2009,17,2838,523047.0,8013,Agricultural,13403.94
Agriculture Purpose Vehicle,22,2,0,29.04,2011,15,2904,1831160.0,3550,Agricultural,22237.33
Agriculture Purpose Vehicle,22,4,1,58.7,2018,8,3222,760886.0,9529,Agricultural,16006.9
Agriculture Purpose Vehicle,22,2,1,30.01,2008,18,4178,372714.0,4962,Agricultural,11980.82
Agriculture Purpose Vehicle,45,24,0,54.29,2006,20,3875,2101370.0,5646,Agricultural,22444.04
Agriculture Purpose Vehicle,34,13,0,54.95,2006,20,3071,462747.0,6899,Agricultural,12477.46
Agriculture Purpose Vehicle,27,8,2,8.6,2006,20,2822,1185456.0,1965,Agricultural,19543.66
Agriculture Purpose Vehicle,33,13,0,51.45,2024,2,5022,1932188.0,6814,Agricultural,25270.19
Agriculture Purpose Vehicle,57,35,0,4.21,2007,19,1895,436208.0,10347,Agricultural,10685.43
Agriculture Purpose Vehicle,20,1,0,36.55,2020,6,5117,1074146.0,9113,Agricultural,16165.72
Agriculture Purpose Vehicle,54,36,1,44.9,2025,1,3587,2983793.0,7212,Agricultural,31394.93
Agriculture Purpose Vehicle,62,40,0,39.4,2020,6,3412,2842102.0,6147,Agricultural,28692.72
Agriculture Purpose Vehicle,24,2,0,46.46,2018,8,1802,1914614.0,4486,Agricultural,22401.88
Agriculture Purpose Vehicle,56,36,0,5.7,2012,14,3374,442897.0,4289,Agricultural,10874.99
Agriculture Purpose Vehicle,37,14,0,59.85,2005,21,3497,2201674.0,5716,Agricultural,25058.11
Agriculture Purpose Vehicle,28,7,0,33.02,2012,14,3254,2684598.0,7489,Agricultural,27928.81
Agriculture Purpose Vehicle,42,20,2,6.06,2022,4,788,803687.0,4300,Agricultural,12978.99
Agriculture Purpose Vehicle,50,29,1,36.08,2010,16,3063,1698714.0,2490,Agricultural,19843.04
Agriculture Purpose Vehicle,22,1,1,41.93,2025,1,3237,2012741.0,8038,Agricultural,25069.98
Agriculture Purpose Vehicle,36,14,0,37.78,2018,8,784,1108642.0,3232,Agricultural,14477.39
Agriculture Purpose Vehicle,28,10,1,14.09,2016,10,3572,2516652.0,11025,Agricultural,24981.49
Agriculture Purpose Vehicle,28,8,0,26.19,2020,6,1182,1908357.0,11775,Agricultural,22535.81
Agriculture Purpose Vehicle,59,40,0,52.4,2009,17,1195,1998917.0,10737,Agricultural,20932.46
Agriculture Purpose Vehicle,48,27,0,21.22,2019,7,3507,2274532.0,5527,Agricultural,27799.93
Agriculture Purpose Vehicle,25,5,1,15.77,2021,5,4794,1606947.0,9616,Agricultural,20324.81
Agriculture Purpose Vehicle,25,6,1,57.18,2015,11,3812,837558.0,6162,Agricultural,14337.8
Agriculture Purpose Vehicle,18,0,2,43.66,2021,5,4727,1972957.0,8059,Agricultural,23497.5
Agriculture Purpose Vehicle,51,30,1,18.62,2016,10,521,1838129.0,11328,Agricultural,22732.02
Agriculture Purpose Vehicle,30,8,1,47.83,2024,2,4746,2908453.0,5607,Agricultural,33933.7
Agriculture Purpose Vehicle,54,35,0,31.92,2020,6,1889,1115421.0,9319,Agricultural,13081.7
Agriculture Purpose Vehicle,32,9,1,39.23,2023,3,5115,2184553.0,11487,Agricultural,29500.05
Agriculture Purpose Vehicle,37,14,0,39.8,2011,15,909,2672875.0,10910,Agricultural,23737.69
Agriculture Purpose Vehicle,58,36,0,22.52,2021,5,5142,250907.0,3962,Agricultural,9952.33
Agriculture Purpose Vehicle,31,12,0,43.56,2015,11,2505,2658180.0,4108,Agricultural,26243.06
Agriculture Purpose Vehicle,35,13,0,51.15,2012,14,2124,2386096.0,3242,Agricultural,27214.55
Agriculture Purpose Vehicle,39,19,1,23.62,2011,15,4025,2952217.0,8569,Agricultural,30068.23
Agriculture Purpose Vehicle,60,37,1,44.38,2016,10,1562,1772143.0,6319,Agricultural,22914.16
Agriculture Purpose Vehicle,31,13,1,24.71,2018,8,4132,702622.0,9211,Agricultural,13721.65
Agriculture Purpose Vehicle,55,35,0,6.62,2008,18,3991,429666.0,6961,Agricultural,11283.53
Agriculture Purpose Vehicle,24,5,3,54.16,2005,21,4650,2259878.0,8812,Agricultural,28423.7
Agriculture Purpose Vehicle,58,36,0,21.35,2018,8,5251,2886583.0,3436,Agricultural,30591.21
Agriculture Purpose Vehicle,48,25,0,28.65,2008,18,5484,2220209.0,3683,Agricultural,26769.72
Agriculture Purpose Vehicle,27,5,1,21.83,2005,21,4562,1127968.0,3853,Agricultural,19336.23
Agriculture Purpose Vehicle,55,32,0,28.95,2019,7,5363,946633.0,6852,Agricultural,16211.61
Agriculture Purpose Vehicle,64,45,1,30.92,2013,13,4404,2470111.0,3355,Agricultural,25389.72
Agriculture Purpose Vehicle,29,8,1,4.81,2026,0,5474,2235820.0,2061,Agricultural,25395.97
Agriculture Purpose Vehicle,52,30,1,44.48,2009,17,2339,2562982.0,6961,Agricultural,26826.16
Agriculture Purpose Vehicle,61,42,0,20.56,2025,1,3370,1342243.0,11178,Agricultural,18250.71
Agriculture Purpose Vehicle,55,33,1,31.2,2011,15,3238,1097955.0,11822,Agricultural,17751.18
Agriculture Purpose Vehicle,34,16,0,29.14,2020,6,1796,2434683.0,4197,Agricultural,27912.17
Agriculture Purpose Vehicle,64,42,1,19.96,2013,13,3247,1057464.0,5071,Agricultural,16048.47
Agriculture Purpose Vehicle,32,14,2,20.32,2008,18,5084,2014298.0,3061,Agricultural,25891.12
Agriculture Purpose Vehicle,34,11,0,21.73,2008,18,589,2506292.0,3066,Agricultural,24330.27
Agriculture Purpose Vehicle,34,11,3,20.98,2011,15,656,1347010.0,3147,Agricultural,15225.08
Agriculture Purpose Vehicle,20,0,2,39.78,2016,10,1864,866999.0,8383,Agricultural,15387.77
Agriculture Purpose Vehicle,31,11,0,21.54,2023,3,3914,2188316.0,1059,Agricultural,28842.44
Agriculture Purpose Vehicle,63,44,3,7.05,2015,11,3385,2982509.0,8855,Agricultural,34548.32
Agriculture Purpose Vehicle,38,18,0,58.75,2024,2,3377,2966635.0,9120,Agricultural,32789.68
Agriculture Purpose Vehicle,48,25,0,29.38,2013,13,5144,2431530.0,9262,Agricultural,33107.16
Agriculture Purpose Vehicle,59,36,0,30.7,2025,1,1517,1356502.0,2127,Agricultural,18004.02
Agriculture Purpose Vehicle,28,6,1,53.1,2013,13,2517,366822.0,10501,Agricultural,14030.88
Agriculture Purpose Vehicle,45,25,1,49.31,2007,19,2237,2790166.0,2567,Agricultural,25894.12
Agriculture Purpose Vehicle,32,10,2,45.07,2009,17,901,1454495.0,11436,Agricultural,17674.4
Agriculture Purpose Vehicle,38,15,0,23.28,2020,6,2470,1694908.0,5161,Agricultural,20229.61
Agriculture Purpose Vehicle,24,6,2,12.17,2011,15,4995,2085480.0,5995,Agricultural,24095.58
Agriculture Purpose Vehicle,29,6,2,46.93,2007,19,5158,2014527.0,11549,Agricultural,27499.72
Agriculture Purpose Vehicle,57,38,0,17.86,2008,18,4256,887656.0,5391,Agricultural,16567.03
Agriculture Purpose Vehicle,56,38,2,24.51,2019,7,1758,1704762.0,5139,Agricultural,20387.35
Agriculture Purpose Vehicle,65,43,1,35.51,2005,21,1987,605758.0,2103,Agricultural,13793.84
Agriculture Purpose Vehicle,22,1,0,57.19,2026,0,4976,1396208.0,5714,Agricultural,18270.01
Agriculture Purpose Vehicle,36,15,0,38.03,2012,14,3074,2833519.0,6595,Agricultural,30594.62
Agriculture Purpose Vehicle,61,40,1,30.87,2025,1,2978,1099185.0,8703,Agricultural,15039.25
